path,line,kind,visibility,name,source
src/import/json_schema/diagnostics.rs,6,use,,crate,"use crate::GlrMaskError;"
src/import/json_schema/diagnostics.rs,8,type,pub(crate),ImportResult,"pub(crate) type ImportResult<T> = Result<T, SchemaImportError>;"
src/import/json_schema/diagnostics.rs,11,struct,pub(crate),SchemaImportError,"pub(crate) struct SchemaImportError {"
src/import/json_schema/diagnostics.rs,16,fn,pub(crate),new,"pub(crate) fn new(message: impl Into<String>) -> Self {"
src/import/json_schema/diagnostics.rs,20,fn,pub(crate),at,"pub(crate) fn at(location: &str, message: impl AsRef<str>) -> Self {"
src/import/json_schema/diagnostics.rs,24,fn,pub(crate),message,"pub(crate) fn message(&self) -> &str {"
src/import/json_schema/diagnostics.rs,30,fn,,from,"fn from(value: SchemaImportError) -> Self {"
src/import/json_schema/diagnostics.rs,40,const,pub(crate),UNSUPPORTED_VALIDATION_KEYWORDS,"pub(crate) const UNSUPPORTED_VALIDATION_KEYWORDS: &[&str] = &["
src/import/json_schema/diagnostics.rs,54,fn,pub(crate),is_documented_unsupported_keyword,"pub(crate) fn is_documented_unsupported_keyword(keyword: &str) -> bool {"
src/import/json_schema/load/collect.rs,7,use,,serde_json,"use serde_json::Value;"
src/import/json_schema/load/collect.rs,9,use,,super,"use super::super::diagnostics::ImportResult;"
src/import/json_schema/load/collect.rs,10,use,,super,"use super::super::schema::SchemaDefinition;"
src/import/json_schema/load/collect.rs,11,use,,super,"use super::pointers::{escape_pointer_segment, local_id_alias};"
src/import/json_schema/load/collect.rs,12,use,,super,"use super::typed::load_schema_at;"
src/import/json_schema/load/collect.rs,14,fn,pub(super),collect_definitions,"pub(super) fn collect_definitions("
src/import/json_schema/load/collect.rs,58,fn,pub(super),collect_ref_targets,"pub(super) fn collect_ref_targets("
src/import/json_schema/load/keywords.rs,8,use,,serde_json,"use serde_json::{Map, Value};"
src/import/json_schema/load/keywords.rs,10,use,,super,"use super::super::diagnostics::{ImportResult, SchemaImportError};"
src/import/json_schema/load/keywords.rs,11,use,,super,"use super::super::schema::{"
src/import/json_schema/load/keywords.rs,15,use,,super,"use super::pointers::escape_pointer_segment;"
src/import/json_schema/load/keywords.rs,16,use,,super,"use super::typed::load_schema_at;"
src/import/json_schema/load/keywords.rs,18,fn,pub(super),validate_supported_keys,"pub(super) fn validate_supported_keys(object: &Map<String, Value>, location: &str) -> ImportResult<()> {"
src/import/json_schema/load/keywords.rs,31,fn,,is_unsupported_validation_key,"fn is_unsupported_validation_key(key: &str) -> bool {"
src/import/json_schema/load/keywords.rs,35,fn,pub(super),load_types,"pub(super) fn load_types(object: &Map<String, Value>, location: &str) -> ImportResult<Option<Vec<SchemaType>>> {"
src/import/json_schema/load/keywords.rs,59,fn,,parse_type_name,"fn parse_type_name(name: &str, location: &str) -> ImportResult<SchemaType> {"
src/import/json_schema/load/keywords.rs,72,fn,pub(super),load_enum_values,"pub(super) fn load_enum_values(object: &Map<String, Value>, location: &str) -> ImportResult<Option<Vec<Value>>> {"
src/import/json_schema/load/keywords.rs,83,fn,pub(super),load_object_keywords,"pub(super) fn load_object_keywords("
src/import/json_schema/load/keywords.rs,144,fn,pub(super),load_array_keywords,"pub(super) fn load_array_keywords("
src/import/json_schema/load/keywords.rs,197,fn,pub(super),load_string_keywords,"pub(super) fn load_string_keywords(object: &Map<String, Value>, location: &str) -> ImportResult<StringSchema> {"
src/import/json_schema/load/keywords.rs,206,fn,pub(super),load_number_keywords,"pub(super) fn load_number_keywords("
src/import/json_schema/load/keywords.rs,248,fn,,read_usize_keyword,"fn read_usize_keyword(object: &Map<String, Value>, key: &str, location: &str) -> ImportResult<Option<usize>> {"
src/import/json_schema/load/keywords.rs,260,fn,,read_f64_keyword,"fn read_f64_keyword(object: &Map<String, Value>, key: &str, location: &str) -> ImportResult<Option<f64>> {"
src/import/json_schema/load/keywords.rs,270,fn,,read_string_keyword,"fn read_string_keyword(object: &Map<String, Value>, key: &str, location: &str) -> ImportResult<Option<String>> {"
src/import/json_schema/load/mod.rs,7,mod,,collect,"mod collect;"
src/import/json_schema/load/mod.rs,8,mod,,keywords,"mod keywords;"
src/import/json_schema/load/mod.rs,9,mod,,pointers,"mod pointers;"
src/import/json_schema/load/mod.rs,10,mod,,shape,"mod shape;"
src/import/json_schema/load/mod.rs,11,mod,,typed,"mod typed;"
src/import/json_schema/load/mod.rs,13,use,pub(crate),self,"pub(crate) use self::typed::load_document;"
src/import/json_schema/load/pointers.rs,7,use,,serde_json,"use serde_json::{Map, Value};"
src/import/json_schema/load/pointers.rs,9,fn,pub(super),collect_all_ref_pointers,"pub(super) fn collect_all_ref_pointers(value: &Value, refs: &mut std::collections::BTreeSet<String>) {"
src/import/json_schema/load/pointers.rs,24,fn,pub(super),local_id_alias,"pub(super) fn local_id_alias(object: &Map<String, Value>, location: &str) -> Option<String> {"
src/import/json_schema/load/pointers.rs,38,fn,pub(super),escape_pointer_segment,"pub(super) fn escape_pointer_segment(segment: &str) -> String {"
src/import/json_schema/load/shape.rs,6,use,,super,"use super::super::schema::{Schema, SchemaAssertions, SchemaKind, SchemaType};"
src/import/json_schema/load/shape.rs,8,fn,pub(super),singleton_all_of_ref_without_siblings,"pub(super) fn singleton_all_of_ref_without_siblings(assertions: &SchemaAssertions) -> Option<&str> {"
src/import/json_schema/load/shape.rs,25,fn,pub(super),one_of_mixes_ref_and_inline_branches,"pub(super) fn one_of_mixes_ref_and_inline_branches(branches: &[Schema]) -> bool {"
src/import/json_schema/load/shape.rs,38,fn,pub(super),schema_is_null_only_inline_branch,"pub(super) fn schema_is_null_only_inline_branch(schema: &Schema) -> bool {"
src/import/json_schema/load/typed.rs,7,use,,serde_json,"use serde_json::{Map, Value};"
src/import/json_schema/load/typed.rs,9,use,,super,"use super::collect::{collect_definitions, collect_ref_targets};"
src/import/json_schema/load/typed.rs,10,use,,super,"use super::keywords::{"
src/import/json_schema/load/typed.rs,14,use,,super,"use super::pointers::collect_all_ref_pointers;"
src/import/json_schema/load/typed.rs,15,use,,super,"use super::shape::{one_of_mixes_ref_and_inline_branches, singleton_all_of_ref_without_siblings};"
src/import/json_schema/load/typed.rs,16,use,,super,"use super::super::diagnostics::{ImportResult, SchemaImportError};"
src/import/json_schema/load/typed.rs,17,use,,super,"use super::super::schema::{"
src/import/json_schema/load/typed.rs,21,fn,pub(crate),load_document,"pub(crate) fn load_document(root: &Value) -> ImportResult<SchemaDocument> {"
src/import/json_schema/load/typed.rs,58,fn,pub(super),load_schema_at,"pub(super) fn load_schema_at(value: &Value, location: &str) -> ImportResult<Schema> {"
src/import/json_schema/load/typed.rs,67,fn,,load_object_schema,"fn load_object_schema(object: &Map<String, Value>, location: &str) -> ImportResult<Schema> {"
src/import/json_schema/load/typed.rs,95,fn,,load_assertions,"fn load_assertions(object: &Map<String, Value>, location: &str) -> ImportResult<SchemaAssertions> {"
src/import/json_schema/load/typed.rs,128,fn,,load_schema_array,"fn load_schema_array("
src/import/json_schema/load/typed.rs,146,fn,,load_schema_member,"fn load_schema_member("
src/import/json_schema/load/typed.rs,157,fn,,should_load_object_assertion,"fn should_load_object_assertion(object: &Map<String, Value>, types: Option<&[SchemaType]>) -> bool {"
src/import/json_schema/load/typed.rs,170,fn,,should_load_array_assertion,"fn should_load_array_assertion(object: &Map<String, Value>, types: Option<&[SchemaType]>) -> bool {"
src/import/json_schema/load/typed.rs,177,fn,,should_load_string_assertion,"fn should_load_string_assertion(object: &Map<String, Value>, types: Option<&[SchemaType]>) -> bool {"
src/import/json_schema/load/typed.rs,184,fn,,should_load_number_assertion,"fn should_load_number_assertion(object: &Map<String, Value>, types: Option<&[SchemaType]>) -> bool {"
src/import/json_schema/load/typed.rs,192,fn,,type_mentions,"fn type_mentions(types: Option<&[SchemaType]>, wanted: SchemaType) -> bool {"
src/import/json_schema/lower/array/mod.rs,1,use,,crate,"use crate::grammar::expr_nfa::ExprNfaBuilder;"
src/import/json_schema/lower/array/mod.rs,2,use,,crate,"use crate::import::ast::GrammarExpr;"
src/import/json_schema/lower/array/mod.rs,4,use,,super,"use super::super::schema::{ArraySchema, SchemaKind};"
src/import/json_schema/lower/array/mod.rs,5,use,,super,"use super::super::diagnostics::ImportResult;"
src/import/json_schema/lower/array/mod.rs,6,use,,super,"use super::{choice, lit, never, seq, Lowerer};"
src/import/json_schema/lower/array/mod.rs,9,fn,pub(crate),lower_array,"pub(crate) fn lower_array(&mut self, schema: &ArraySchema) -> ImportResult<GrammarExpr> {"
src/import/json_schema/lower/array/mod.rs,45,fn,,should_terminalize_bounded_scalar_array,"fn should_terminalize_bounded_scalar_array(&self, max_items: usize) -> bool {"
src/import/json_schema/lower/array/mod.rs,49,fn,,array_body,"fn array_body(&self, item: GrammarExpr, min: usize, max: Option<usize>) -> GrammarExpr {"
src/import/json_schema/lower/array/mod.rs,79,fn,,bounded_homogeneous_array_exprnfa,"fn bounded_homogeneous_array_exprnfa("
src/import/json_schema/lower/array/mod.rs,118,fn,,bounded_homogeneous_array_terminal,"fn bounded_homogeneous_array_terminal("
src/import/json_schema/lower/array/mod.rs,150,fn,,unbounded_homogeneous_array_terminal,"fn unbounded_homogeneous_array_terminal(&mut self, item: GrammarExpr) -> GrammarExpr {"
src/import/json_schema/lower/array/mod.rs,162,fn,,lower_tuple_array_body,"fn lower_tuple_array_body(&mut self, schema: &ArraySchema) -> ImportResult<GrammarExpr> {"
src/import/json_schema/lower/array/mod.rs,211,fn,,fixed_array_items,"fn fixed_array_items(&mut self, items: &[super::super::schema::Schema]) -> ImportResult<GrammarExpr> {"
src/import/json_schema/lower/array/mod.rs,225,fn,,tuple_tail_items,"fn tuple_tail_items("
src/import/json_schema/lower/array/mod.rs,253,fn,,bounded_array_object_item_candidate,"fn bounded_array_object_item_candidate(schema: &super::super::schema::Schema) -> bool {"
src/import/json_schema/lower/mod.rs,7,mod,pub(crate),array,"pub(crate) mod array;"
src/import/json_schema/lower/mod.rs,8,mod,pub(crate),number,"pub(crate) mod number;"
src/import/json_schema/lower/mod.rs,9,mod,pub(crate),object,"pub(crate) mod object;"
src/import/json_schema/lower/mod.rs,10,mod,pub(crate),string,"pub(crate) mod string;"
src/import/json_schema/lower/mod.rs,12,use,,std,"use std::collections::{BTreeMap, BTreeSet};"
src/import/json_schema/lower/mod.rs,14,use,,regex,"use regex::escape as regex_escape;"
src/import/json_schema/lower/mod.rs,15,use,,serde_json,"use serde_json::Value;"
src/import/json_schema/lower/mod.rs,17,use,,crate,"use crate::import::ast::{GrammarExpr, NamedGrammar, NamedRule};"
src/import/json_schema/lower/mod.rs,19,use,,super,"use super::schema::{"
src/import/json_schema/lower/mod.rs,22,use,,super,"use super::options::JsonSchemaConfig;"
src/import/json_schema/lower/mod.rs,23,use,,super,"use super::diagnostics::{ImportResult, SchemaImportError};"
src/import/json_schema/lower/mod.rs,24,use,,self,"use self::string::string_value_satisfies_schema;"
src/import/json_schema/lower/mod.rs,26,const,pub(crate),JSON_VALUE_RULE,"pub(crate) const JSON_VALUE_RULE: &str = ""json_value"";"
src/import/json_schema/lower/mod.rs,27,const,pub(crate),JSON_OBJECT_RULE,"pub(crate) const JSON_OBJECT_RULE: &str = ""json_object"";"
src/import/json_schema/lower/mod.rs,28,const,pub(crate),JSON_ARRAY_RULE,"pub(crate) const JSON_ARRAY_RULE: &str = ""json_array"";"
src/import/json_schema/lower/mod.rs,29,const,pub(crate),JSON_STRING_RULE,"pub(crate) const JSON_STRING_RULE: &str = ""JSON_STRING"";"
src/import/json_schema/lower/mod.rs,30,const,pub(crate),JSON_STRING_CHAR_RULE,"pub(crate) const JSON_STRING_CHAR_RULE: &str = ""JSON_STRING_CHAR"";"
src/import/json_schema/lower/mod.rs,31,const,pub(crate),JSON_ITEM_SEPARATOR_RULE,"pub(crate) const JSON_ITEM_SEPARATOR_RULE: &str = ""JSON_ITEM_SEPARATOR"";"
src/import/json_schema/lower/mod.rs,32,const,pub(crate),JSON_KEY_SEPARATOR_RULE,"pub(crate) const JSON_KEY_SEPARATOR_RULE: &str = ""JSON_KEY_SEPARATOR"";"
src/import/json_schema/lower/mod.rs,33,const,pub(crate),JSON_INTEGER_RULE,"pub(crate) const JSON_INTEGER_RULE: &str = ""JSON_INTEGER"";"
src/import/json_schema/lower/mod.rs,34,const,pub(crate),JSON_NUMBER_RULE,"pub(crate) const JSON_NUMBER_RULE: &str = ""JSON_NUMBER"";"
src/import/json_schema/lower/mod.rs,35,const,pub(crate),JSON_BOOL_RULE,"pub(crate) const JSON_BOOL_RULE: &str = ""JSON_BOOL"";"
src/import/json_schema/lower/mod.rs,36,const,pub(crate),JSON_NULL_RULE,"pub(crate) const JSON_NULL_RULE: &str = ""JSON_NULL"";"
src/import/json_schema/lower/mod.rs,37,const,pub(crate),JSON_ADDITIONAL_KEY_COLON_SHARED_RULE,"pub(crate) const JSON_ADDITIONAL_KEY_COLON_SHARED_RULE: &str = ""JSON_ADDITIONAL_KEY_COLON_SHARED"";"
src/import/json_schema/lower/mod.rs,38,const,pub(crate),JSON_ADDITIONAL_EXCLUDED_KEY_COLON_SHARED_RULE,"pub(crate) const JSON_ADDITIONAL_EXCLUDED_KEY_COLON_SHARED_RULE: &str ="
src/import/json_schema/lower/mod.rs,40,const,pub(crate),JSON_ADDITIONAL_EXCLUDED_KEY_COLON_SHARED_NT_RULE,"pub(crate) const JSON_ADDITIONAL_EXCLUDED_KEY_COLON_SHARED_NT_RULE: &str ="
src/import/json_schema/lower/mod.rs,42,const,pub(crate),MAX_SHARED_ADDITIONAL_EXCLUSION_KEYS,"pub(crate) const MAX_SHARED_ADDITIONAL_EXCLUSION_KEYS: usize = 256;"
src/import/json_schema/lower/mod.rs,43,const,,STRING_ENUM_REGEX_MIN_VALUES,"const STRING_ENUM_REGEX_MIN_VALUES: usize = 64;"
src/import/json_schema/lower/mod.rs,44,const,,STRING_ENUM_REGEX_MIN_ENCODED_BYTES,"const STRING_ENUM_REGEX_MIN_ENCODED_BYTES: usize = 1024;"
src/import/json_schema/lower/mod.rs,46,fn,pub(crate),lower_document,"pub(crate) fn lower_document("
src/import/json_schema/lower/mod.rs,54,struct,pub(crate),Lowerer,"pub(crate) struct Lowerer<'a> {"
src/import/json_schema/lower/mod.rs,76,fn,,new,"fn new(document: &'a SchemaDocument, config: JsonSchemaConfig) -> Self {"
src/import/json_schema/lower/mod.rs,111,fn,,finish,"fn finish(mut self) -> ImportResult<NamedGrammar> {"
src/import/json_schema/lower/mod.rs,117,fn,,install_json_builtins,"fn install_json_builtins(&mut self) {"
src/import/json_schema/lower/mod.rs,189,fn,pub(crate),item_separator_expr,"pub(crate) fn item_separator_expr(&self) -> GrammarExpr {"
src/import/json_schema/lower/mod.rs,193,fn,pub(crate),key_separator_expr,"pub(crate) fn key_separator_expr(&self) -> GrammarExpr {"
src/import/json_schema/lower/mod.rs,197,fn,,separator_regex,"fn separator_regex(&self, separator: &str) -> String {"
src/import/json_schema/lower/mod.rs,204,fn,,json_string_char_regex,"fn json_string_char_regex(&self) -> String {"
src/import/json_schema/lower/mod.rs,208,fn,pub(crate),lower_schema,"pub(crate) fn lower_schema(&mut self, schema: &Schema) -> ImportResult<GrammarExpr> {"
src/import/json_schema/lower/mod.rs,217,fn,pub(crate),lower_ref,"pub(crate) fn lower_ref(&mut self, pointer: &str) -> ImportResult<GrammarExpr> {"
src/import/json_schema/lower/mod.rs,237,fn,pub(crate),resolve_ref_target,"pub(crate) fn resolve_ref_target(&self, pointer: &str) -> ImportResult<&'a Schema> {"
src/import/json_schema/lower/mod.rs,245,fn,,lower_assertions,"fn lower_assertions("
src/import/json_schema/lower/mod.rs,306,fn,,selected_types,"fn selected_types("
src/import/json_schema/lower/mod.rs,326,fn,,lower_for_type,"fn lower_for_type("
src/import/json_schema/lower/mod.rs,358,fn,,inferred_constrained_types,"fn inferred_constrained_types(&self, assertions: &SchemaAssertions) -> Vec<SchemaType> {"
src/import/json_schema/lower/mod.rs,375,fn,,lower_untyped_single_family_assertions,"fn lower_untyped_single_family_assertions("
src/import/json_schema/lower/mod.rs,406,fn,pub(crate),lower_json_literal,"pub(crate) fn lower_json_literal(&mut self, value: &Value) -> GrammarExpr {"
src/import/json_schema/lower/mod.rs,453,fn,pub(crate),add_nonterminal_rule,"pub(crate) fn add_nonterminal_rule(&mut self, name: &str, expr: GrammarExpr) {"
src/import/json_schema/lower/mod.rs,463,fn,pub(crate),add_terminal_rule,"pub(crate) fn add_terminal_rule(&mut self, name: &str, expr: GrammarExpr) {"
src/import/json_schema/lower/mod.rs,473,fn,pub(crate),add_internal_terminal_rule,"pub(crate) fn add_internal_terminal_rule(&mut self, name: &str, expr: GrammarExpr) {"
src/import/json_schema/lower/mod.rs,483,fn,pub(crate),fresh_rule_name,"pub(crate) fn fresh_rule_name(&mut self, prefix: &str) -> String {"
src/import/json_schema/lower/mod.rs,494,fn,,large_string_enum_regex_literals,"fn large_string_enum_regex_literals(assertions: &SchemaAssertions) -> ImportResult<Option<Vec<String>>> {"
src/import/json_schema/lower/mod.rs,544,fn,,string_enum_regex,"fn string_enum_regex(encoded_literals: &[String]) -> String {"
src/import/json_schema/lower/mod.rs,555,fn,,factored_small_string_enum_expr,"fn factored_small_string_enum_expr(values: &[&Value]) -> Option<GrammarExpr> {"
src/import/json_schema/lower/mod.rs,576,fn,,collect_shared_ap_exclusion_plan,"fn collect_shared_ap_exclusion_plan(document: &SchemaDocument) -> (BTreeSet<String>, Vec<String>) {"
src/import/json_schema/lower/mod.rs,591,fn,,collect_shared_ap_exclusions_from_schema,"fn collect_shared_ap_exclusions_from_schema("
src/import/json_schema/lower/mod.rs,643,fn,pub(crate),normalize_local_ref,"pub(crate) fn normalize_local_ref(pointer: &str) -> ImportResult<String> {"
src/import/json_schema/lower/mod.rs,655,fn,,is_local_fragment_alias,"fn is_local_fragment_alias(pointer: &str) -> bool {"
src/import/json_schema/lower/mod.rs,659,fn,,is_absolute_self_ref_alias,"fn is_absolute_self_ref_alias(pointer: &str) -> bool {"
src/import/json_schema/lower/mod.rs,663,fn,pub(crate),r,"pub(crate) fn r(name: &str) -> GrammarExpr {"
src/import/json_schema/lower/mod.rs,667,fn,pub(crate),lit,"pub(crate) fn lit(text: &str) -> GrammarExpr {"
src/import/json_schema/lower/mod.rs,671,fn,pub(crate),lit_bytes,"pub(crate) fn lit_bytes(bytes: Vec<u8>) -> GrammarExpr {"
src/import/json_schema/lower/mod.rs,675,fn,pub(crate),seq,"pub(crate) fn seq(mut parts: Vec<GrammarExpr>) -> GrammarExpr {"
src/import/json_schema/lower/mod.rs,683,fn,pub(crate),choice,"pub(crate) fn choice(mut alternatives: Vec<GrammarExpr>) -> GrammarExpr {"
src/import/json_schema/lower/mod.rs,698,fn,pub(crate),never,"pub(crate) fn never() -> GrammarExpr {"
src/import/json_schema/lower/number/mod.rs,1,use,,std,"use std::collections::BTreeSet;"
src/import/json_schema/lower/number/mod.rs,3,use,,crate,"use crate::import::ast::GrammarExpr;"
src/import/json_schema/lower/number/mod.rs,4,use,,crate,"use crate::import::numeric_range::{rx_float_range, rx_int_range};"
src/import/json_schema/lower/number/mod.rs,6,use,,super,"use super::super::schema::NumberSchema;"
src/import/json_schema/lower/number/mod.rs,7,use,,super,"use super::super::diagnostics::{ImportResult, SchemaImportError};"
src/import/json_schema/lower/number/mod.rs,8,use,,super,"use super::{choice, lit_bytes, never, r, Lowerer, JSON_INTEGER_RULE, JSON_NUMBER_RULE};"
src/import/json_schema/lower/number/mod.rs,10,const,,MAX_EXPLICIT_INTEGER_RANGE,"const MAX_EXPLICIT_INTEGER_RANGE: i64 = 512;"
src/import/json_schema/lower/number/mod.rs,11,const,,MAX_EXPLICIT_INTEGER_MULTIPLES,"const MAX_EXPLICIT_INTEGER_MULTIPLES: i64 = 2048;"
src/import/json_schema/lower/number/mod.rs,14,fn,pub(crate),lower_number,"pub(crate) fn lower_number(&mut self, schema: &NumberSchema) -> ImportResult<GrammarExpr> {"
src/import/json_schema/lower/number/mod.rs,59,fn,,lower_integer,"fn lower_integer(&mut self, schema: &NumberSchema) -> ImportResult<GrammarExpr> {"
src/import/json_schema/lower/number/mod.rs,107,fn,,integer_lower_bound,"fn integer_lower_bound(schema: &NumberSchema) -> Option<i64> {"
src/import/json_schema/lower/number/mod.rs,119,fn,,integer_upper_bound,"fn integer_upper_bound(schema: &NumberSchema) -> Option<i64> {"
src/import/json_schema/lower/number/mod.rs,131,fn,,integer_satisfies_multiple,"fn integer_satisfies_multiple(value: i64, multiple: Option<f64>) -> bool {"
src/import/json_schema/lower/number/mod.rs,139,fn,,bounded_integer_multiple_choice,"fn bounded_integer_multiple_choice("
src/import/json_schema/lower/number/mod.rs,162,fn,,ceil_div_i64,"fn ceil_div_i64(value: i64, divisor: i64) -> i64 {"
src/import/json_schema/lower/number/mod.rs,168,fn,,integer_multiple_expr,"fn integer_multiple_expr(multiple: f64) -> Option<GrammarExpr> {"
src/import/json_schema/lower/number/mod.rs,172,fn,,positive_integer_multiple_value,"fn positive_integer_multiple_value(multiple: f64) -> Option<u64> {"
src/import/json_schema/lower/number/mod.rs,180,fn,,positive_integer_multiple_i64,"fn positive_integer_multiple_i64(multiple: f64) -> Option<i64> {"
src/import/json_schema/lower/number/mod.rs,185,fn,,power_of_ten_multiple_regex,"fn power_of_ten_multiple_regex(multiple: f64) -> Option<String> {"
src/import/json_schema/lower/number/mod.rs,206,fn,,decimal_multiple_regex,"fn decimal_multiple_regex(multiple: f64) -> Option<String> {"
src/import/json_schema/lower/number/mod.rs,212,struct,,DecimalStep,"struct DecimalStep {"
src/import/json_schema/lower/number/mod.rs,218,fn,,parse_decimal_step,"fn parse_decimal_step(multiple: f64) -> Option<DecimalStep> {"
src/import/json_schema/lower/number/mod.rs,247,fn,,decimal_fraction_regex,"fn decimal_fraction_regex(step: &DecimalStep) -> Option<String> {"
src/import/json_schema/lower/object/mod.rs,1,use,,std,"use std::collections::{BTreeMap, BTreeSet, VecDeque};"
src/import/json_schema/lower/object/mod.rs,3,use,,crate,"use crate::grammar::expr_nfa::ExprNfaBuilder;"
src/import/json_schema/lower/object/mod.rs,4,use,,crate,"use crate::import::ast::GrammarExpr;"
src/import/json_schema/lower/object/mod.rs,6,use,,super,"use super::super::schema::{"
src/import/json_schema/lower/object/mod.rs,10,use,,super,"use super::super::normalize::{"
src/import/json_schema/lower/object/mod.rs,13,use,,super,"use super::super::diagnostics::{ImportResult, SchemaImportError};"
src/import/json_schema/lower/object/mod.rs,14,use,,super,"use super::{"
src/import/json_schema/lower/object/mod.rs,20,use,,super,"use super::string::property_name_matches_pattern;"
src/import/json_schema/lower/object/mod.rs,22,const,,POINT_PATH_PATTERN,"const POINT_PATH_PATTERN: &str = ""^(/[^/]+)+$"";"
src/import/json_schema/lower/object/mod.rs,23,const,,LARGE_OBJECT_LITERAL_KEY_TRIE_MIN_ITEMS,"const LARGE_OBJECT_LITERAL_KEY_TRIE_MIN_ITEMS: usize = 64;"
src/import/json_schema/lower/object/mod.rs,24,const,,SNOWPLOW_CONTEXTS_PATTERN,"const SNOWPLOW_CONTEXTS_PATTERN: &str = ""^contexts_.*"";"
src/import/json_schema/lower/object/mod.rs,25,const,,SNOWPLOW_UNSTRUCT_EVENT_PATTERN,"const SNOWPLOW_UNSTRUCT_EVENT_PATTERN: &str = ""^unstruct_event_.*"";"
src/import/json_schema/lower/object/mod.rs,26,const,,SNOWPLOW_KEY_TRIE_PREFIX_SPLIT_BYTES,"const SNOWPLOW_KEY_TRIE_PREFIX_SPLIT_BYTES: usize = 1;"
src/import/json_schema/lower/object/mod.rs,28,struct,,ObjectItem,"struct ObjectItem {"
src/import/json_schema/lower/object/mod.rs,36,const,,ANYOF_FIXED_OBJECT_EXPR_NFA_MAX_STATES,"const ANYOF_FIXED_OBJECT_EXPR_NFA_MAX_STATES: usize = 4096;"
src/import/json_schema/lower/object/mod.rs,38,struct,,AnyOfFixedObjectItem,"struct AnyOfFixedObjectItem {"
src/import/json_schema/lower/object/mod.rs,44,struct,,AnyOfFixedObjectVariant,"struct AnyOfFixedObjectVariant {"
src/import/json_schema/lower/object/mod.rs,48,struct,,AnyOfObjectVariant,"struct AnyOfObjectVariant {"
src/import/json_schema/lower/object/mod.rs,57,struct,,AnyOfFixedObjectState,"struct AnyOfFixedObjectState {"
src/import/json_schema/lower/object/mod.rs,64,enum,,AnyOfObjectPhase,"enum AnyOfObjectPhase {"
src/import/json_schema/lower/object/mod.rs,71,enum,,ShadowOwnerState,"enum ShadowOwnerState {"
src/import/json_schema/lower/object/mod.rs,82,struct,,AnyOfObjectState,"struct AnyOfObjectState {"
src/import/json_schema/lower/object/mod.rs,90,fn,,is_obviously_object_valued_property,"fn is_obviously_object_valued_property(schema: &Schema) -> bool {"
src/import/json_schema/lower/object/mod.rs,102,fn,,obvious_object_valued_property_count,"fn obvious_object_valued_property_count(schema: &ObjectSchema) -> usize {"
src/import/json_schema/lower/object/mod.rs,110,fn,,is_unconstrained_open_object_schema,"fn is_unconstrained_open_object_schema(schema: &ObjectSchema) -> bool {"
src/import/json_schema/lower/object/mod.rs,120,fn,,len,"fn len(&self) -> usize {"
src/import/json_schema/lower/object/mod.rs,124,fn,,advance_cursor,"fn advance_cursor(&self, cursor: usize, key: &str) -> Option<usize> {"
src/import/json_schema/lower/object/mod.rs,135,fn,,close_allowed,"fn close_allowed(&self, cursor: usize) -> bool {"
src/import/json_schema/lower/object/mod.rs,139,fn,,legal_next_keys,"fn legal_next_keys(&self, cursor: usize) -> Vec<&str> {"
src/import/json_schema/lower/object/mod.rs,150,fn,,value_expr_for_key,"fn value_expr_for_key(&self, key: &str) -> Option<GrammarExpr> {"
src/import/json_schema/lower/object/mod.rs,159,fn,,len,"fn len(&self) -> usize {"
src/import/json_schema/lower/object/mod.rs,163,fn,,advance_cursor,"fn advance_cursor(&self, cursor: usize, key: &str) -> Option<usize> {"
src/import/json_schema/lower/object/mod.rs,174,fn,,close_allowed,"fn close_allowed(&self, cursor: usize) -> bool {"
src/import/json_schema/lower/object/mod.rs,178,fn,,legal_next_keys,"fn legal_next_keys(&self, cursor: usize) -> Vec<&str> {"
src/import/json_schema/lower/object/mod.rs,189,fn,,value_expr_for_key,"fn value_expr_for_key(&self, key: &str) -> Option<GrammarExpr> {"
src/import/json_schema/lower/object/mod.rs,196,fn,,has_required_items,"fn has_required_items(&self) -> bool {"
src/import/json_schema/lower/object/mod.rs,202,fn,pub(crate),lower_object,"pub(crate) fn lower_object(&mut self, schema: &ObjectSchema) -> ImportResult<GrammarExpr> {"
src/import/json_schema/lower/object/mod.rs,206,fn,pub(crate),lower_object_requiring_any_property,"pub(crate) fn lower_object_requiring_any_property("
src/import/json_schema/lower/object/mod.rs,214,fn,pub(crate),lower_object_with_exclusive_properties,"pub(crate) fn lower_object_with_exclusive_properties("
src/import/json_schema/lower/object/mod.rs,223,fn,pub(crate),try_lower_closed_object_any_of_variants,"pub(crate) fn try_lower_closed_object_any_of_variants("
src/import/json_schema/lower/object/mod.rs,251,fn,pub(crate),try_lower_open_object_any_of_variants,"pub(crate) fn try_lower_open_object_any_of_variants("
src/import/json_schema/lower/object/mod.rs,277,fn,pub(crate),try_lower_ref_string_path_object_any_of,"pub(crate) fn try_lower_ref_string_path_object_any_of("
src/import/json_schema/lower/object/mod.rs,332,fn,,resolve_branch_schema,"fn resolve_branch_schema<'b>(&'b self, schema: &'b Schema) -> ImportResult<&'b Schema> {"
src/import/json_schema/lower/object/mod.rs,339,fn,,is_path_recursive_open_object_branch,"fn is_path_recursive_open_object_branch("
src/import/json_schema/lower/object/mod.rs,386,fn,,lower_object_internal,"fn lower_object_internal("
src/import/json_schema/lower/object/mod.rs,677,fn,,dynamic_pair_list_body,"fn dynamic_pair_list_body("
src/import/json_schema/lower/object/mod.rs,711,fn,,schema_has_huge_bounded_string,"fn schema_has_huge_bounded_string(&self, schema: &Schema) -> bool {"
src/import/json_schema/lower/object/mod.rs,728,fn,,try_lower_pattern_map_pair_list_object,"fn try_lower_pattern_map_pair_list_object("
src/import/json_schema/lower/object/mod.rs,804,fn,,try_lower_wrapper_pattern_map_anyof_value,"fn try_lower_wrapper_pattern_map_anyof_value("
src/import/json_schema/lower/object/mod.rs,832,fn,,lower_fixed_object_body_exprnfa,"fn lower_fixed_object_body_exprnfa("
src/import/json_schema/lower/object/mod.rs,938,fn,,collect_closed_any_of_object_variant,"fn collect_closed_any_of_object_variant("
src/import/json_schema/lower/object/mod.rs,1017,fn,,collect_open_any_of_object_variant,"fn collect_open_any_of_object_variant("
src/import/json_schema/lower/object/mod.rs,1024,fn,,collect_open_any_of_object_variant_inner,"fn collect_open_any_of_object_variant_inner("
src/import/json_schema/lower/object/mod.rs,1138,fn,,add_expr_nfa_symbol_path,"fn add_expr_nfa_symbol_path("
src/import/json_schema/lower/object/mod.rs,1160,fn,,split_additional_key_colon_transition,"fn split_additional_key_colon_transition(symbol: GrammarExpr) -> Vec<GrammarExpr> {"
src/import/json_schema/lower/object/mod.rs,1171,fn,,is_shared_additional_key_colon_choice,"fn is_shared_additional_key_colon_choice(alternatives: &[GrammarExpr]) -> bool {"
src/import/json_schema/lower/object/mod.rs,1186,fn,,is_shared_additional_key_colon_base_ref,"fn is_shared_additional_key_colon_base_ref(expr: &GrammarExpr) -> bool {"
src/import/json_schema/lower/object/mod.rs,1190,fn,,is_shared_additional_key_colon_addback,"fn is_shared_additional_key_colon_addback(expr: &GrammarExpr) -> bool {"
src/import/json_schema/lower/object/mod.rs,1206,fn,,split_object_pair_symbols,"fn split_object_pair_symbols(pair: &GrammarExpr) -> ImportResult<[GrammarExpr; 2]> {"
src/import/json_schema/lower/object/mod.rs,1217,fn,,split_object_pair_symbol_paths,"fn split_object_pair_symbol_paths(pair: &GrammarExpr) -> ImportResult<Vec<[GrammarExpr; 2]>> {"
src/import/json_schema/lower/object/mod.rs,1227,fn,,lower_closed_any_of_object_variants_expr_nfa,"fn lower_closed_any_of_object_variants_expr_nfa("
src/import/json_schema/lower/object/mod.rs,1318,fn,,is_json_value_expr,"fn is_json_value_expr(expr: &GrammarExpr) -> bool {"
src/import/json_schema/lower/object/mod.rs,1322,fn,,is_json_string_expr,"fn is_json_string_expr(expr: &GrammarExpr) -> bool {"
src/import/json_schema/lower/object/mod.rs,1326,fn,,is_json_string_constrained_expr,"fn is_json_string_constrained_expr(expr: &GrammarExpr) -> bool {"
src/import/json_schema/lower/object/mod.rs,1330,fn,,non_string_json_value_expr,"fn non_string_json_value_expr() -> GrammarExpr {"
src/import/json_schema/lower/object/mod.rs,1340,fn,,invalid_residual_value_for_owner,"fn invalid_residual_value_for_owner(owner_value_expr: &GrammarExpr) -> Option<GrammarExpr> {"
src/import/json_schema/lower/object/mod.rs,1356,fn,,select_shadow_owner_for_variant,"fn select_shadow_owner_for_variant("
src/import/json_schema/lower/object/mod.rs,1399,fn,,shadow_owner_suppresses_close,"fn shadow_owner_suppresses_close("
src/import/json_schema/lower/object/mod.rs,1416,fn,,shadow_owner_can_take_additional,"fn shadow_owner_can_take_additional("
src/import/json_schema/lower/object/mod.rs,1429,fn,,advance_shadow_owner_on_key,"fn advance_shadow_owner_on_key("
src/import/json_schema/lower/object/mod.rs,1473,fn,,lower_open_any_of_object_variants_expr_nfa,"fn lower_open_any_of_object_variants_expr_nfa("
src/import/json_schema/lower/object/mod.rs,1822,fn,,lower_fixed_object_body_exprnfa_without_group,"fn lower_fixed_object_body_exprnfa_without_group("
src/import/json_schema/lower/object/mod.rs,1962,fn,,split_literal_key_symbol,"fn split_literal_key_symbol(symbol: GrammarExpr) -> Vec<GrammarExpr> {"
src/import/json_schema/lower/object/mod.rs,1985,fn,,object_pair_path_symbols,"fn object_pair_path_symbols("
src/import/json_schema/lower/object/mod.rs,1994,fn,,lower_snowplow_large_pattern_object_key_trie,"fn lower_snowplow_large_pattern_object_key_trie("
src/import/json_schema/lower/object/mod.rs,2163,fn,,lower_large_optional_open_object_fused_prefix_chain,"fn lower_large_optional_open_object_fused_prefix_chain("
src/import/json_schema/lower/object/mod.rs,2217,fn,,lower_large_closed_object_prefix_chain,"fn lower_large_closed_object_prefix_chain(&mut self, items: &[ObjectItem]) -> GrammarExpr {"
src/import/json_schema/lower/object/mod.rs,2253,fn,,lower_large_closed_object_fixed_pair_loop,"fn lower_large_closed_object_fixed_pair_loop("
src/import/json_schema/lower/object/mod.rs,2327,fn,,lower_required_prefix_open_object_pair_loop,"fn lower_required_prefix_open_object_pair_loop("
src/import/json_schema/lower/object/mod.rs,2429,fn,,lower_property_item,"fn lower_property_item("
src/import/json_schema/lower/object/mod.rs,2456,fn,,lower_object_property_value_schema,"fn lower_object_property_value_schema(&mut self, schema: &Schema) -> ImportResult<GrammarExpr> {"
src/import/json_schema/lower/object/mod.rs,2498,fn,,object_with_required_synthetic_properties,"fn object_with_required_synthetic_properties("
src/import/json_schema/lower/object/mod.rs,2548,fn,,is_ref_string_open_object_branch,"fn is_ref_string_open_object_branch(schema: &Schema) -> bool {"
src/import/json_schema/lower/object/mod.rs,2584,fn,,all_of_has_explicit_object_only_type,"fn all_of_has_explicit_object_only_type(branches: &[Schema]) -> bool {"
src/import/json_schema/lower/object/mod.rs,2588,fn,,schema_has_explicit_object_only_type,"fn schema_has_explicit_object_only_type(schema: &Schema) -> bool {"
src/import/json_schema/lower/object/mod.rs,2602,fn,,is_plain_array_branch,"fn is_plain_array_branch(schema: &Schema) -> bool {"
src/import/json_schema/lower/object/mod.rs,2627,fn,,is_string_schema,"fn is_string_schema(schema: &Schema) -> bool {"
src/import/json_schema/lower/object/mod.rs,2652,fn,,property_matches_pattern,"fn property_matches_pattern(pattern: &str, property_name: &str) -> ImportResult<bool> {"
src/import/json_schema/lower/object/mod.rs,2656,fn,,pattern_schema_for_property,"fn pattern_schema_for_property(property_schema: &Schema, pattern_schema: &Schema) -> Schema {"
src/import/json_schema/lower/object/mod.rs,2673,fn,,single_numeric_property_type,"fn single_numeric_property_type(property_schema: &Schema) -> Option<SchemaType> {"
src/import/json_schema/lower/object/mod.rs,2684,fn,,has_non_numeric_assertions,"fn has_non_numeric_assertions(assertions: &SchemaAssertions) -> bool {"
src/import/json_schema/lower/string/mod.rs,1,use,,std,"use std::collections::BTreeSet;"
src/import/json_schema/lower/string/mod.rs,3,use,,regex,"use regex::Regex;"
src/import/json_schema/lower/string/mod.rs,4,use,,regex_syntax,"use regex_syntax::hir::{Class, Hir, HirKind, Literal, Look, Repetition};"
src/import/json_schema/lower/string/mod.rs,5,use,,regex_syntax,"use regex_syntax::Parser;"
src/import/json_schema/lower/string/mod.rs,7,use,,crate,"use crate::import::ast::GrammarExpr;"
src/import/json_schema/lower/string/mod.rs,9,use,,super,"use super::super::schema::StringSchema;"
src/import/json_schema/lower/string/mod.rs,10,use,,super,"use super::super::diagnostics::{ImportResult, SchemaImportError};"
src/import/json_schema/lower/string/mod.rs,11,use,,super,"use super::{"
src/import/json_schema/lower/string/mod.rs,19,fn,pub(crate),lower_string,"pub(crate) fn lower_string(&mut self, schema: &StringSchema) -> ImportResult<GrammarExpr> {"
src/import/json_schema/lower/string/mod.rs,37,fn,pub(crate),lower_inline_bounded_array_string_item_expr,"pub(crate) fn lower_inline_bounded_array_string_item_expr("
src/import/json_schema/lower/string/mod.rs,83,fn,,lower_constrained_string_terminal_expr,"fn lower_constrained_string_terminal_expr("
src/import/json_schema/lower/string/mod.rs,133,fn,,lower_string_expr,"fn lower_string_expr(&mut self, schema: &StringSchema) -> ImportResult<GrammarExpr> {"
src/import/json_schema/lower/string/mod.rs,157,fn,,should_split_bounded_string,"fn should_split_bounded_string(&self, min: usize, max: usize) -> bool {"
src/import/json_schema/lower/string/mod.rs,165,fn,,string_char_exact_ref,"fn string_char_exact_ref(&mut self, count: usize) -> GrammarExpr {"
src/import/json_schema/lower/string/mod.rs,188,fn,,string_char_upto_ref,"fn string_char_upto_ref(&mut self, max: usize) -> GrammarExpr {"
src/import/json_schema/lower/string/mod.rs,211,fn,,string_char_upto_close_ref,"fn string_char_upto_close_ref(&mut self, max: usize) -> GrammarExpr {"
src/import/json_schema/lower/string/mod.rs,225,fn,,string_char_exact_open_ref,"fn string_char_exact_open_ref(&mut self, count: usize) -> GrammarExpr {"
src/import/json_schema/lower/string/mod.rs,235,fn,,string_char_upto_wrapped_ref,"fn string_char_upto_wrapped_ref(&mut self, max: usize) -> GrammarExpr {"
src/import/json_schema/lower/string/mod.rs,242,fn,,split_string_exact_expr,"fn split_string_exact_expr(&mut self, count: usize) -> GrammarExpr {"
src/import/json_schema/lower/string/mod.rs,261,fn,,split_string_upto_close_expr,"fn split_string_upto_close_expr(&mut self, max: usize) -> GrammarExpr {"
src/import/json_schema/lower/string/mod.rs,289,fn,,lower_split_bounded_string,"fn lower_split_bounded_string(&mut self, min: usize, max: usize) -> GrammarExpr {"
src/import/json_schema/lower/string/mod.rs,303,fn,,split_bounded_string_terminal_expr,"fn split_bounded_string_terminal_expr(&mut self, min: usize, max: usize) -> GrammarExpr {"
src/import/json_schema/lower/string/mod.rs,344,fn,pub(crate),lower_string_literal,"pub(crate) fn lower_string_literal(&mut self, text: &str) -> GrammarExpr {"
src/import/json_schema/lower/string/mod.rs,352,fn,pub(crate),lower_literal_key_colon,"pub(crate) fn lower_literal_key_colon(&mut self, key: &str) -> GrammarExpr {"
src/import/json_schema/lower/string/mod.rs,356,fn,pub(crate),lower_literal_key_colon_with_prefix,"pub(crate) fn lower_literal_key_colon_with_prefix("
src/import/json_schema/lower/string/mod.rs,369,fn,,lower_pattern_key_colon_expr,"fn lower_pattern_key_colon_expr(&mut self, pattern: &str) -> ImportResult<GrammarExpr> {"
src/import/json_schema/lower/string/mod.rs,373,fn,,pattern_key_colon_full_language,"fn pattern_key_colon_full_language(&mut self, pattern: &str) -> ImportResult<GrammarExpr> {"
src/import/json_schema/lower/string/mod.rs,381,fn,pub(crate),lower_pattern_key_colon_terminal,"pub(crate) fn lower_pattern_key_colon_terminal("
src/import/json_schema/lower/string/mod.rs,408,fn,,pattern_overlapping_literal_keys,"fn pattern_overlapping_literal_keys(&mut self, pattern: &str) -> ImportResult<Vec<String>> {"
src/import/json_schema/lower/string/mod.rs,432,fn,,pattern_local_overlapping_literal_keys,"fn pattern_local_overlapping_literal_keys("
src/import/json_schema/lower/string/mod.rs,453,fn,,shared_pattern_overlap_literal_rule,"fn shared_pattern_overlap_literal_rule(&mut self, pattern: &str) -> ImportResult<Option<GrammarExpr>> {"
src/import/json_schema/lower/string/mod.rs,475,fn,pub(crate),lower_pattern_key_colon_appearance,"pub(crate) fn lower_pattern_key_colon_appearance("
src/import/json_schema/lower/string/mod.rs,510,fn,pub(crate),lower_additional_key_colon,"pub(crate) fn lower_additional_key_colon("
src/import/json_schema/lower/string/mod.rs,552,fn,,use_shared_additional_key_colon,"fn use_shared_additional_key_colon(&self) -> bool {"
src/import/json_schema/lower/string/mod.rs,556,fn,,lower_additional_key_colon_expanded_addback,"fn lower_additional_key_colon_expanded_addback("
src/import/json_schema/lower/string/mod.rs,590,fn,,lower_additional_key_colon_literal_only,"fn lower_additional_key_colon_literal_only("
src/import/json_schema/lower/string/mod.rs,613,fn,,shared_additional_excluded_key_colon,"fn shared_additional_excluded_key_colon(&mut self) -> ImportResult<GrammarExpr> {"
src/import/json_schema/lower/string/mod.rs,634,fn,,shared_additional_key_colon_base,"fn shared_additional_key_colon_base(&mut self) -> ImportResult<GrammarExpr> {"
src/import/json_schema/lower/string/mod.rs,673,fn,,lower_pattern_key_colon_addback,"fn lower_pattern_key_colon_addback("
src/import/json_schema/lower/string/mod.rs,714,fn,,string_body_for_length,"fn string_body_for_length(&self, min: usize, max: Option<usize>) -> GrammarExpr {"
src/import/json_schema/lower/string/mod.rs,728,fn,,repeat_exact_string_char,"fn repeat_exact_string_char(&self, count: usize) -> GrammarExpr {"
src/import/json_schema/lower/string/mod.rs,756,fn,,string_pattern_as_body_regex,"fn string_pattern_as_body_regex(pattern: &str) -> ImportResult<String> {"
src/import/json_schema/lower/string/mod.rs,764,fn,,preprocess_ascii_shorthand,"fn preprocess_ascii_shorthand(pattern: &str) -> String {"
src/import/json_schema/lower/string/mod.rs,806,fn,,string_pattern_hir_as_body_regex,"fn string_pattern_hir_as_body_regex(hir: &Hir) -> ImportResult<String> {"
src/import/json_schema/lower/string/mod.rs,847,fn,,string_pattern_branch_as_body_regex,"fn string_pattern_branch_as_body_regex(hir: Hir) -> ImportResult<String> {"
src/import/json_schema/lower/string/mod.rs,856,fn,,lower_string_pattern_branch_parts,"fn lower_string_pattern_branch_parts(hir: Hir) -> ImportResult<(String, bool, bool)> {"
src/import/json_schema/lower/string/mod.rs,862,fn,,wrap_lowered_string_pattern_branch,"fn wrap_lowered_string_pattern_branch(lowered: &str, anchored_start: bool, anchored_end: bool) -> String {"
src/import/json_schema/lower/string/mod.rs,872,fn,,quoted_string_body_regex,"fn quoted_string_body_regex(body_regex: &str) -> String {"
src/import/json_schema/lower/string/mod.rs,876,const,,DATE_FORMAT_BODY_REGEX,"const DATE_FORMAT_BODY_REGEX: &str = r#""(?:[0-9]{4}-(?:(?:0[13578]|1[02])-(?:0[1-9]|[12][0-9]|3[01])|(?:0[469]|11)-(?:0[1-9]|[12][0-9]|30)|02-(?:0[1-9]|1[0-9]|2[0-8]))|(?:[0-9]{2}(?:0[48]|[2468][048]|[13579][26])|(?:[02468][048]|[13579][26])00)-02-29)""#;"
src/import/json_schema/lower/string/mod.rs,877,const,,DATE_TIME_FORMAT_BODY_REGEX,"const DATE_TIME_FORMAT_BODY_REGEX: &str = r#""(?:[0-9]{4}-(?:(?:0[13578]|1[02])-(?:0[1-9]|[12][0-9]|3[01])|(?:0[469]|11)-(?:0[1-9]|[12][0-9]|30)|02-(?:0[1-9]|1[0-9]|2[0-8]))|(?:[0-9]{2}(?:0[48]|[2468][048]|[13579][26])|(?:[02468][048]|[13579][26])00)-02-29)[Tt]([01][0-9]|2[0-3]):[0-5][0-9]:([0-5][0-9]|60)(\.[0-9]+)?([Zz]|[+-]([01][0-9]|2[0-3]):[0-5][0-9])""#;"
src/import/json_schema/lower/string/mod.rs,879,fn,,recognized_string_format_body_regex,"fn recognized_string_format_body_regex(format: Option<&str>) -> Option<&'static str> {"
src/import/json_schema/lower/string/mod.rs,905,fn,,pattern_key_colon_regex,"fn pattern_key_colon_regex(pattern: &str) -> ImportResult<String> {"
src/import/json_schema/lower/string/mod.rs,910,fn,,strip_outer_captures,"fn strip_outer_captures(mut hir: Hir) -> Hir {"
src/import/json_schema/lower/string/mod.rs,919,fn,,strip_outer_start_anchor,"fn strip_outer_start_anchor(hir: Hir) -> Option<Hir> {"
src/import/json_schema/lower/string/mod.rs,934,fn,,strip_outer_end_anchor,"fn strip_outer_end_anchor(hir: Hir) -> Option<Hir> {"
src/import/json_schema/lower/string/mod.rs,949,fn,,strip_outer_anchors,"fn strip_outer_anchors(hir: Hir) -> (Hir, bool, bool) {"
src/import/json_schema/lower/string/mod.rs,988,fn,,is_start_look,"fn is_start_look(look: Look) -> bool {"
src/import/json_schema/lower/string/mod.rs,992,fn,,is_end_look,"fn is_end_look(look: Look) -> bool {"
src/import/json_schema/lower/string/mod.rs,996,fn,,lower_decoded_regex_hir_to_json_body_regex,"fn lower_decoded_regex_hir_to_json_body_regex(hir: &Hir) -> ImportResult<String> {"
src/import/json_schema/lower/string/mod.rs,1035,fn,,lower_decoded_repetition_to_json_body_regex,"fn lower_decoded_repetition_to_json_body_regex(repetition: &Repetition) -> ImportResult<String> {"
src/import/json_schema/lower/string/mod.rs,1054,fn,,lower_decoded_class_to_json_body_regex,"fn lower_decoded_class_to_json_body_regex(class: &Class) -> String {"
src/import/json_schema/lower/string/mod.rs,1123,fn,,utf8_sequence_to_regex_string,"fn utf8_sequence_to_regex_string(seq: &regex_syntax::utf8::Utf8Sequence) -> String {"
src/import/json_schema/lower/string/mod.rs,1135,fn,,unicode_range_to_utf8_regex_string,"fn unicode_range_to_utf8_regex_string(start: char, end: char) -> String {"
src/import/json_schema/lower/string/mod.rs,1136,use,,regex_syntax,"use regex_syntax::utf8::Utf8Sequences;"
src/import/json_schema/lower/string/mod.rs,1146,fn,,is_unicode_decimal_digit_class,"fn is_unicode_decimal_digit_class(class: &Class) -> bool {"
src/import/json_schema/lower/string/mod.rs,1170,fn,,is_dot_like_unicode_class,"fn is_dot_like_unicode_class(class: &Class) -> bool {"
src/import/json_schema/lower/string/mod.rs,1182,fn,,push_safe_raw_char_ranges,"fn push_safe_raw_char_ranges(start: char, end: char, output: &mut Vec<String>) {"
src/import/json_schema/lower/string/mod.rs,1205,fn,,decoded_class_contains,"fn decoded_class_contains(class: &Class, ch: char) -> bool {"
src/import/json_schema/lower/string/mod.rs,1219,fn,,class_contains_general_non_ascii_non_whitespace,"fn class_contains_general_non_ascii_non_whitespace(class: &Class) -> bool {"
src/import/json_schema/lower/string/mod.rs,1225,fn,,regex_char_class_range,"fn regex_char_class_range(start: char, end: char) -> String {"
src/import/json_schema/lower/string/mod.rs,1235,fn,,escape_regex_class_char,"fn escape_regex_class_char(ch: char) -> String {"
src/import/json_schema/lower/string/mod.rs,1245,fn,,json_body_char_regex_for_decoded_char,"fn json_body_char_regex_for_decoded_char(ch: char) -> String {"
src/import/json_schema/lower/string/mod.rs,1255,fn,,json_string_body_char_regex,"fn json_string_body_char_regex() -> &'static str {"
src/import/json_schema/lower/string/mod.rs,1259,fn,,json_string_body_non_ascii_non_whitespace_regex,"fn json_string_body_non_ascii_non_whitespace_regex() -> &'static str {"
src/import/json_schema/lower/string/mod.rs,1263,fn,,json_string_body_dot_regex,"fn json_string_body_dot_regex() -> &'static str {"
src/import/json_schema/lower/string/mod.rs,1267,fn,,is_safe_raw_json_string_char,"fn is_safe_raw_json_string_char(ch: char) -> bool {"
src/import/json_schema/lower/string/mod.rs,1271,fn,pub(crate),property_name_matches_pattern,"pub(crate) fn property_name_matches_pattern(pattern: &str, property_name: &str) -> ImportResult<bool> {"
src/import/json_schema/lower/string/mod.rs,1278,fn,,is_regex_compile_limit_error,"fn is_regex_compile_limit_error(error: &SchemaImportError) -> bool {"
src/import/json_schema/lower/string/mod.rs,1282,fn,pub(crate),string_value_satisfies_schema,"pub(crate) fn string_value_satisfies_schema("
src/import/json_schema/lower/string/mod.rs,1311,mod,,tests,"mod tests {"
src/import/json_schema/lower/string/mod.rs,1312,use,,regex,"use regex::Regex;"
src/import/json_schema/lower/string/mod.rs,1314,use,,super,"use super::{preprocess_ascii_shorthand, quoted_string_body_regex, string_pattern_as_body_regex};"
src/import/json_schema/lower/string/mod.rs,1317,fn,,preprocess_ascii_shorthand_rewrites_generic_word_shorthand,"fn preprocess_ascii_shorthand_rewrites_generic_word_shorthand() {"
src/import/json_schema/lower/string/mod.rs,1323,fn,,preprocess_ascii_shorthand_preserves_escaped_word_shorthand,"fn preprocess_ascii_shorthand_preserves_escaped_word_shorthand() {"
src/import/json_schema/lower/string/mod.rs,1328,fn,,lowered_bounded_free_text_pattern_rejects_leading_space_slash,"fn lowered_bounded_free_text_pattern_rejects_leading_space_slash() {"
src/import/json_schema/lower/string/mod.rs,1337,fn,,lowered_optional_decimal_pattern_rejects_backslash_digit_string,"fn lowered_optional_decimal_pattern_rejects_backslash_digit_string() {"
src/import/json_schema/mod.rs,19,mod,pub(crate),diagnostics,"pub(crate) mod diagnostics;"
src/import/json_schema/mod.rs,20,mod,pub(crate),load,"pub(crate) mod load;"
src/import/json_schema/mod.rs,21,mod,pub(crate),lower,"pub(crate) mod lower;"
src/import/json_schema/mod.rs,22,mod,pub(crate),normalize,"pub(crate) mod normalize;"
src/import/json_schema/mod.rs,23,mod,pub(crate),options,"pub(crate) mod options;"
src/import/json_schema/mod.rs,24,mod,pub(crate),schema,"pub(crate) mod schema;"
src/import/json_schema/mod.rs,27,mod,,tests,"mod tests;"
src/import/json_schema/mod.rs,29,use,,serde_json,"use serde_json::Value;"
src/import/json_schema/mod.rs,31,use,,crate,"use crate::GlrMaskError;"
src/import/json_schema/mod.rs,32,use,,crate,"use crate::import::ast::NamedGrammar;"
src/import/json_schema/mod.rs,34,use,,self,"use self::load::load_document;"
src/import/json_schema/mod.rs,35,use,,self,"use self::lower::lower_document;"
src/import/json_schema/mod.rs,36,use,,self,"use self::options::JsonSchemaConfig;"
src/import/json_schema/mod.rs,55,fn,pub,schema_to_named_grammar,"pub fn schema_to_named_grammar(schema: &Value) -> Result<NamedGrammar, GlrMaskError> {"
src/import/json_schema/mod.rs,62,fn,pub(crate),simplify_grammar_enabled,"pub(crate) fn simplify_grammar_enabled() -> bool {"
src/import/json_schema/mod.rs,67,fn,pub(crate),lower_exact_subtractions_enabled,"pub(crate) fn lower_exact_subtractions_enabled() -> bool {"
src/import/json_schema/mod.rs,72,fn,pub(crate),promote_literal_choices_enabled,"pub(crate) fn promote_literal_choices_enabled() -> bool {"
src/import/json_schema/normalize/combinators.rs,7,use,,std,"use std::collections::BTreeSet;"
src/import/json_schema/normalize/combinators.rs,9,use,,crate,"use crate::import::ast::GrammarExpr;"
src/import/json_schema/normalize/combinators.rs,11,use,,super,"use super::super::schema::{"
src/import/json_schema/normalize/combinators.rs,15,use,,super,"use super::super::diagnostics::ImportResult;"
src/import/json_schema/normalize/combinators.rs,16,use,,super,"use super::super::lower::{"
src/import/json_schema/normalize/combinators.rs,22,use,,super,"use super::super::lower::string::string_value_satisfies_schema;"
src/import/json_schema/normalize/combinators.rs,25,fn,pub(crate),lower_any_of,"pub(crate) fn lower_any_of("
src/import/json_schema/normalize/combinators.rs,86,fn,,try_merge_single_object_any_of_with_siblings,"fn try_merge_single_object_any_of_with_siblings("
src/import/json_schema/normalize/combinators.rs,110,fn,pub(crate),lower_one_of,"pub(crate) fn lower_one_of(&mut self, assertions: &SchemaAssertions) -> ImportResult<GrammarExpr> {"
src/import/json_schema/normalize/combinators.rs,120,fn,pub(crate),lower_all_of,"pub(crate) fn lower_all_of(&mut self, assertions: &SchemaAssertions) -> ImportResult<GrammarExpr> {"
src/import/json_schema/normalize/combinators.rs,217,fn,,try_lower_single_ref_with_object_siblings,"fn try_lower_single_ref_with_object_siblings("
src/import/json_schema/normalize/combinators.rs,265,fn,,inline_all_of_refs,"fn inline_all_of_refs(&self, branches: &[Schema]) -> ImportResult<Vec<Schema>> {"
src/import/json_schema/normalize/combinators.rs,272,fn,,inline_all_of_refs_for_any_of_factoring,"fn inline_all_of_refs_for_any_of_factoring("
src/import/json_schema/normalize/combinators.rs,286,fn,,schema_transitively_refs_pointer,"fn schema_transitively_refs_pointer("
src/import/json_schema/normalize/combinators.rs,356,fn,,inline_all_of_ref_target,"fn inline_all_of_ref_target(&self, pointer: &str, fallback: &Schema) -> ImportResult<Schema> {"
src/import/json_schema/normalize/combinators.rs,385,fn,,try_inline_object_like_all_of_target,"fn try_inline_object_like_all_of_target(&self, target: &Schema) -> ImportResult<Option<Schema>> {"
src/import/json_schema/normalize/combinators.rs,400,fn,,try_rewrite_all_of_object_choice_target,"fn try_rewrite_all_of_object_choice_target(&self, target: &Schema) -> ImportResult<Option<Schema>> {"
src/import/json_schema/normalize/combinators.rs,449,fn,,inline_refs_in_all_of_branch,"fn inline_refs_in_all_of_branch(&self, branch: &Schema) -> ImportResult<Schema> {"
src/import/json_schema/normalize/combinators.rs,468,fn,,try_merge_all_of_single_ref_object_branches,"fn try_merge_all_of_single_ref_object_branches("
src/import/json_schema/normalize/combinators.rs,505,fn,,drop_subsumed_open_object_any_of_branches,"fn drop_subsumed_open_object_any_of_branches("
src/import/json_schema/normalize/combinators.rs,555,fn,,object_branch_resolved,"fn object_branch_resolved<'schema>("
src/import/json_schema/normalize/combinators.rs,565,fn,,object_schema_subsumes,"fn object_schema_subsumes("
src/import/json_schema/normalize/combinators.rs,612,fn,,schema_subsumes,"fn schema_subsumes("
src/import/json_schema/normalize/combinators.rs,691,fn,,all_of_intersection_terminal_safe,"fn all_of_intersection_terminal_safe(expr: &GrammarExpr) -> bool {"
src/import/json_schema/normalize/combinators.rs,727,fn,,explicit_all_of_type_intersection,"fn explicit_all_of_type_intersection(branches: &[Schema]) -> Option<BTreeSet<SchemaType>> {"
src/import/json_schema/normalize/combinators.rs,748,fn,,untyped_single_family_assertion,"fn untyped_single_family_assertion(schema: &Schema) -> Option<SchemaType> {"
src/import/json_schema/normalize/combinators.rs,781,fn,,family_overlaps_types,"fn family_overlaps_types(family: SchemaType, types: &BTreeSet<SchemaType>) -> bool {"
src/import/json_schema/normalize/combinators.rs,790,fn,,drop_vacuous_untyped_family_branches,"fn drop_vacuous_untyped_family_branches(branches: Vec<Schema>) -> Option<Vec<Schema>> {"
src/import/json_schema/normalize/combinators.rs,809,fn,,flatten_pure_all_of_branches,"fn flatten_pure_all_of_branches(branches: Vec<Schema>) -> Vec<Schema> {"
src/import/json_schema/normalize/combinators.rs,825,fn,,collapse_pure_single_choice_branches,"fn collapse_pure_single_choice_branches(branches: Vec<Schema>) -> Vec<Schema> {"
src/import/json_schema/normalize/combinators.rs,838,fn,,try_factor_required_property_any_of,"fn try_factor_required_property_any_of("
src/import/json_schema/normalize/combinators.rs,884,fn,,try_factor_closed_object_variant_any_of,"fn try_factor_closed_object_variant_any_of("
src/import/json_schema/normalize/combinators.rs,989,fn,,try_factor_mutually_exclusive_property_not_any_of,"fn try_factor_mutually_exclusive_property_not_any_of("
src/import/json_schema/normalize/combinators.rs,1041,fn,,mutually_exclusive_property_not_branch,"fn mutually_exclusive_property_not_branch(schema: &Schema) -> Option<(&PropertySchema, String)> {"
src/import/json_schema/normalize/combinators.rs,1078,fn,,single_required_object_not_name,"fn single_required_object_not_name(schema: &Schema) -> Option<&str> {"
src/import/json_schema/normalize/combinators.rs,1110,fn,,single_required_object_branch_name,"fn single_required_object_branch_name(schema: &Schema) -> Option<&str> {"
src/import/json_schema/normalize/combinators.rs,1143,fn,,closed_object_variant_branch,"fn closed_object_variant_branch(schema: &Schema) -> Option<&ObjectSchema> {"
src/import/json_schema/normalize/combinators.rs,1176,fn,pub(crate),open_object_any_of_covers_json_object,"pub(crate) fn open_object_any_of_covers_json_object(branches: &[Schema]) -> bool {"
src/import/json_schema/normalize/combinators.rs,1211,fn,,object_branch,"fn object_branch(schema: &Schema) -> Option<&ObjectSchema> {"
src/import/json_schema/normalize/combinators.rs,1236,fn,,property_schema_by_name,"fn property_schema_by_name<'a>(object: &'a ObjectSchema, name: &str) -> Option<&'a Schema> {"
src/import/json_schema/normalize/combinators.rs,1244,fn,,schema_subsumption_key,"fn schema_subsumption_key(schema: &Schema) -> ImportResult<String> {"
src/import/json_schema/normalize/combinators.rs,1251,fn,,pure_any_of_assertions,"fn pure_any_of_assertions(assertions: &SchemaAssertions) -> bool {"
src/import/json_schema/normalize/combinators.rs,1265,fn,,broad_string_assertions,"fn broad_string_assertions(assertions: &SchemaAssertions) -> Option<&super::super::schema::StringSchema> {"
src/import/json_schema/normalize/combinators.rs,1288,fn,,string_literal_values,"fn string_literal_values(assertions: &SchemaAssertions) -> Option<Vec<&serde_json::Value>> {"
src/import/json_schema/normalize/combinators.rs,1311,fn,,schemas_shape_equivalent,"fn schemas_shape_equivalent(left: &Schema, right: &Schema) -> bool {"
src/import/json_schema/normalize/combinators.rs,1332,fn,,option_schemas_shape_equivalent,"fn option_schemas_shape_equivalent(left: Option<&Schema>, right: Option<&Schema>) -> bool {"
src/import/json_schema/normalize/combinators.rs,1340,fn,,option_objects_shape_equivalent,"fn option_objects_shape_equivalent(left: Option<&ObjectSchema>, right: Option<&ObjectSchema>) -> bool {"
src/import/json_schema/normalize/combinators.rs,1348,fn,,object_schemas_shape_equivalent,"fn object_schemas_shape_equivalent(left: &ObjectSchema, right: &ObjectSchema) -> bool {"
src/import/json_schema/normalize/combinators.rs,1371,fn,,additional_properties_shape_equivalent,"fn additional_properties_shape_equivalent("
src/import/json_schema/normalize/combinators.rs,1385,fn,,option_arrays_shape_equivalent,"fn option_arrays_shape_equivalent("
src/import/json_schema/normalize/combinators.rs,1401,fn,,option_strings_shape_equivalent,"fn option_strings_shape_equivalent("
src/import/json_schema/normalize/combinators.rs,1417,fn,,option_numbers_shape_equivalent,"fn option_numbers_shape_equivalent("
src/import/json_schema/normalize/combinators.rs,1435,fn,,schema_slices_shape_equivalent,"fn schema_slices_shape_equivalent(left: &[Schema], right: &[Schema]) -> bool {"
src/import/json_schema/normalize/combinators.rs,1443,fn,,sibling_assertion_schema,"fn sibling_assertion_schema(assertions: &SchemaAssertions) -> Option<Schema> {"
src/import/json_schema/normalize/combinators.rs,1452,fn,,branch_with_siblings,"fn branch_with_siblings(branch: Schema, siblings: Option<Schema>) -> Schema {"
src/import/json_schema/normalize/combinators.rs,1464,fn,,push_object_only_type_into_branch,"fn push_object_only_type_into_branch(branch: &Schema) -> Option<Schema> {"
src/import/json_schema/normalize/combinators.rs,1489,fn,,schema_contains_ref,"fn schema_contains_ref(schema: &Schema) -> bool {"
src/import/json_schema/normalize/combinators.rs,1502,fn,,schema_has_explicit_object_only_type,"fn schema_has_explicit_object_only_type(schema: &Schema) -> bool {"
src/import/json_schema/normalize/combinators.rs,1512,fn,pub(crate),try_merge_all_of_objects,"pub(crate) fn try_merge_all_of_objects(branches: &[Schema]) -> Option<ObjectSchema> {"
src/import/json_schema/normalize/combinators.rs,1521,fn,,plain_object_schema,"fn plain_object_schema(schema: &Schema) -> Option<&ObjectSchema> {"
src/import/json_schema/normalize/combinators.rs,1542,enum,,ChoiceKind,"enum ChoiceKind {"
src/import/json_schema/normalize/combinators.rs,1547,fn,,pure_choice_branch,"fn pure_choice_branch(schema: &Schema) -> Option<(ChoiceKind, &[Schema])> {"
src/import/json_schema/normalize/combinators.rs,1570,fn,,distribute_all_of_over_single_object_choice,"fn distribute_all_of_over_single_object_choice("
src/import/json_schema/normalize/combinators.rs,1613,fn,,schema_is_object_like,"fn schema_is_object_like(schema: &Schema) -> bool {"
src/import/json_schema/normalize/combinators.rs,1617,fn,,merge_all_of_object_like_schema,"fn merge_all_of_object_like_schema(branches: &[Schema]) -> Option<Schema> {"
src/import/json_schema/normalize/combinators.rs,1658,fn,,object_like_schema,"fn object_like_schema(schema: &Schema) -> Option<Schema> {"
src/import/json_schema/normalize/combinators.rs,1703,fn,,merge_all_of_array_like_schema,"fn merge_all_of_array_like_schema(branches: &[Schema]) -> Option<Schema> {"
src/import/json_schema/normalize/combinators.rs,1742,fn,,plain_array_schema,"fn plain_array_schema(schema: &Schema) -> Option<(&ArraySchema, bool)> {"
src/import/json_schema/normalize/combinators.rs,1765,fn,,array_is_bounds_only,"fn array_is_bounds_only(array: &ArraySchema) -> bool {"
src/import/json_schema/normalize/combinators.rs,1770,fn,,merge_array_bounds,"fn merge_array_bounds(left: &mut ArraySchema, right: &ArraySchema) {"
src/import/json_schema/normalize/combinators.rs,1780,fn,,merge_two_objects,"fn merge_two_objects(left: &ObjectSchema, right: &ObjectSchema) -> ObjectSchema {"
src/import/json_schema/normalize/combinators.rs,1810,fn,,merge_property_schemas,"fn merge_property_schemas(left: Schema, right: Schema) -> Schema {"
src/import/json_schema/normalize/combinators.rs,1820,fn,,is_vacuous_json_value_schema,"fn is_vacuous_json_value_schema(schema: &Schema) -> bool {"
src/import/json_schema/normalize/combinators.rs,1850,fn,,is_vacuous_object_schema,"fn is_vacuous_object_schema(schema: &Schema) -> bool {"
src/import/json_schema/normalize/combinators.rs,1874,fn,,merge_additional_properties,"fn merge_additional_properties("
src/import/json_schema/normalize/combinators.rs,1894,fn,pub(crate),all_of_schema,"pub(crate) fn all_of_schema(left: Schema, right: Schema) -> Schema {"
src/import/json_schema/normalize/mod.rs,8,mod,pub(crate),combinators,"pub(crate) mod combinators;"
src/import/json_schema/normalize/mod.rs,10,use,pub(crate),self,"pub(crate) use self::combinators::{"
src/import/json_schema/options.rs,7,struct,pub(crate),JsonSchemaConfig,"pub(crate) struct JsonSchemaConfig {"
src/import/json_schema/options.rs,16,struct,pub(crate),QuoteMerge,"pub(crate) struct QuoteMerge {"
src/import/json_schema/options.rs,22,struct,pub(crate),MergeFamily,"pub(crate) struct MergeFamily {"
src/import/json_schema/options.rs,29,struct,pub(crate),ObjectMergeConfig,"pub(crate) struct ObjectMergeConfig {"
src/import/json_schema/options.rs,35,fn,,default,"fn default() -> Self {"
src/import/json_schema/options.rs,64,fn,pub(crate),from_env,"pub(crate) fn from_env() -> Self {"
src/import/json_schema/options.rs,117,fn,,read_usize,"fn read_usize(name: &str) -> Option<usize> {"
src/import/json_schema/options.rs,121,fn,,read_quote_merge,"fn read_quote_merge(open_name: &str, close_name: &str, default: QuoteMerge) -> QuoteMerge {"
src/import/json_schema/options.rs,128,fn,,read_bool,"fn read_bool(name: &str) -> Option<bool> {"
src/import/json_schema/options.rs,140,fn,pub(crate),simplify_grammar_enabled,"pub(crate) fn simplify_grammar_enabled() -> bool {"
src/import/json_schema/options.rs,150,fn,pub(crate),lower_exact_subtractions_enabled,"pub(crate) fn lower_exact_subtractions_enabled() -> bool {"
src/import/json_schema/options.rs,167,fn,pub(crate),promote_literal_choices_enabled,"pub(crate) fn promote_literal_choices_enabled() -> bool {"
src/import/json_schema/schema/array.rs,1,use,,super,"use super::Schema;"
src/import/json_schema/schema/array.rs,5,struct,pub(crate),ArraySchema,"pub(crate) struct ArraySchema {"
src/import/json_schema/schema/array.rs,13,fn,,default,"fn default() -> Self {"
src/import/json_schema/schema/assertions.rs,1,use,,serde_json,"use serde_json::Value;"
src/import/json_schema/schema/assertions.rs,3,use,,super,"use super::{ArraySchema, NumberSchema, ObjectSchema, Schema, SchemaType, StringSchema};"
src/import/json_schema/schema/assertions.rs,12,struct,pub(crate),SchemaAssertions,"pub(crate) struct SchemaAssertions {"
src/import/json_schema/schema/assertions.rs,27,fn,pub(crate),is_empty,"pub(crate) fn is_empty(&self) -> bool {"
src/import/json_schema/schema/assertions.rs,41,fn,pub(crate),has_value_assertions_without_combinators,"pub(crate) fn has_value_assertions_without_combinators(&self) -> bool {"
src/import/json_schema/schema/assertions.rs,51,fn,pub(crate),clone_without_combinators,"pub(crate) fn clone_without_combinators(&self) -> Self {"
src/import/json_schema/schema/document.rs,1,use,,super,"use super::Schema;"
src/import/json_schema/schema/document.rs,10,struct,pub(crate),SchemaDocument,"pub(crate) struct SchemaDocument {"
src/import/json_schema/schema/document.rs,18,struct,pub(crate),SchemaDefinition,"pub(crate) struct SchemaDefinition {"
src/import/json_schema/schema/mod.rs,7,mod,,array,"mod array;"
src/import/json_schema/schema/mod.rs,8,mod,,assertions,"mod assertions;"
src/import/json_schema/schema/mod.rs,9,mod,,document,"mod document;"
src/import/json_schema/schema/mod.rs,10,mod,,object,"mod object;"
src/import/json_schema/schema/mod.rs,11,mod,,scalar,"mod scalar;"
src/import/json_schema/schema/mod.rs,13,use,pub(crate),self,"pub(crate) use self::array::ArraySchema;"
src/import/json_schema/schema/mod.rs,14,use,pub(crate),self,"pub(crate) use self::assertions::SchemaAssertions;"
src/import/json_schema/schema/mod.rs,15,use,pub(crate),self,"pub(crate) use self::document::{SchemaDefinition, SchemaDocument};"
src/import/json_schema/schema/mod.rs,16,use,pub(crate),self,"pub(crate) use self::object::{AdditionalProperties, ObjectSchema, PatternPropertySchema, PropertySchema};"
src/import/json_schema/schema/mod.rs,17,use,pub(crate),self,"pub(crate) use self::scalar::{NumberSchema, SchemaType, StringSchema};"
src/import/json_schema/schema/mod.rs,21,struct,pub(crate),Schema,"pub(crate) struct Schema {"
src/import/json_schema/schema/mod.rs,28,enum,pub(crate),SchemaKind,"pub(crate) enum SchemaKind {"
src/import/json_schema/schema/mod.rs,40,fn,pub(crate),any,"pub(crate) fn any(location: impl Into<String>) -> Self {"
src/import/json_schema/schema/mod.rs,44,fn,pub(crate),never,"pub(crate) fn never(location: impl Into<String>) -> Self {"
src/import/json_schema/schema/mod.rs,48,fn,pub(crate),assertions,"pub(crate) fn assertions(location: impl Into<String>, assertions: SchemaAssertions) -> Self {"
src/import/json_schema/schema/object.rs,1,use,,std,"use std::collections::BTreeSet;"
src/import/json_schema/schema/object.rs,3,use,,super,"use super::Schema;"
src/import/json_schema/schema/object.rs,7,struct,pub(crate),ObjectSchema,"pub(crate) struct ObjectSchema {"
src/import/json_schema/schema/object.rs,17,fn,,default,"fn default() -> Self {"
src/import/json_schema/schema/object.rs,30,struct,pub(crate),PropertySchema,"pub(crate) struct PropertySchema {"
src/import/json_schema/schema/object.rs,36,struct,pub(crate),PatternPropertySchema,"pub(crate) struct PatternPropertySchema {"
src/import/json_schema/schema/object.rs,42,enum,pub(crate),AdditionalProperties,"pub(crate) enum AdditionalProperties {"
src/import/json_schema/schema/scalar.rs,3,enum,pub(crate),SchemaType,"pub(crate) enum SchemaType {"
src/import/json_schema/schema/scalar.rs,19,struct,pub(crate),StringSchema,"pub(crate) struct StringSchema {"
src/import/json_schema/schema/scalar.rs,32,struct,pub(crate),NumberSchema,"pub(crate) struct NumberSchema {"
src/import/json_schema/tests/mod.rs,1,use,,serde_json,"use serde_json::json;"
src/import/json_schema/tests/mod.rs,2,use,,std,"use std::{env, ffi::OsString, sync::Mutex};"
src/import/json_schema/tests/mod.rs,4,use,,super,"use super::schema::StringSchema;"
src/import/json_schema/tests/mod.rs,5,use,,super,"use super::lower_exact_subtractions_enabled;"
src/import/json_schema/tests/mod.rs,6,use,,super,"use super::schema_to_named_grammar;"
src/import/json_schema/tests/mod.rs,7,use,,super,"use super::lower::string::{property_name_matches_pattern, string_value_satisfies_schema};"
src/import/json_schema/tests/mod.rs,8,use,,crate,"use crate::compiler::glr::analysis::AnalyzedGrammar;"
src/import/json_schema/tests/mod.rs,9,use,,crate,"use crate::compiler::glr::table::{Action, GLRTable, TableAmbiguityKind};"
src/import/json_schema/tests/mod.rs,10,use,,crate,"use crate::grammar::ast::{lower, GrammarExpr, NamedGrammar};"
src/import/json_schema/tests/mod.rs,11,use,,crate,"use crate::grammar::glrm::to_glrm;"
src/import/json_schema/tests/mod.rs,12,use,,crate,"use crate::Vocab;"
src/import/json_schema/tests/mod.rs,16,struct,,EnvVarGuard,"struct EnvVarGuard {"
src/import/json_schema/tests/mod.rs,22,fn,,set,"fn set(key: &'static str, value: &str) -> Self {"
src/import/json_schema/tests/mod.rs,30,fn,,unset,"fn unset(key: &'static str) -> Self {"
src/import/json_schema/tests/mod.rs,40,fn,,drop,"fn drop(&mut self) {"
src/import/json_schema/tests/mod.rs,52,fn,,start_expr,"fn start_expr(grammar: &NamedGrammar) -> &GrammarExpr {"
src/import/json_schema/tests/mod.rs,62,fn,,exact_subtraction_lowering_env_var_defaults_true_and_accepts_falsey_values,"fn exact_subtraction_lowering_env_var_defaults_true_and_accepts_falsey_values() {"
src/import/json_schema/tests/mod.rs,77,fn,,contains_separated_sequence,"fn contains_separated_sequence(expr: &GrammarExpr) -> bool {"
src/import/json_schema/tests/mod.rs,105,fn,,contains_expr_nfa,"fn contains_expr_nfa(expr: &GrammarExpr) -> bool {"
src/import/json_schema/tests/mod.rs,133,fn,,count_rules_with_prefix,"fn count_rules_with_prefix(grammar: &NamedGrammar, prefix: &str) -> usize {"
src/import/json_schema/tests/mod.rs,137,fn,,byte_vocab,"fn byte_vocab() -> Vocab {"
src/import/json_schema/tests/mod.rs,145,fn,,schema_accepts_bytes,"fn schema_accepts_bytes(schema: &serde_json::Value, input: &[u8]) -> bool {"
src/import/json_schema/tests/mod.rs,153,fn,,parser_path_count_after_bytes,"fn parser_path_count_after_bytes(schema: &serde_json::Value, input: &[u8], limit: usize) -> usize {"
src/import/json_schema/tests/mod.rs,163,fn,,contains_exclude,"fn contains_exclude(expr: &GrammarExpr) -> bool {"
src/import/json_schema/tests/mod.rs,187,fn,,contains_ref_with_prefix,"fn contains_ref_with_prefix(expr: &GrammarExpr, prefix: &str) -> bool {"
src/import/json_schema/tests/mod.rs,218,fn,,find_all_pop1_stackshifts,"fn find_all_pop1_stackshifts(table: &GLRTable) -> Option<(u32, u32, Action)> {"
src/import/json_schema/tests/mod.rs,235,fn,,recursive_array_additional_properties_schema_does_not_reproduce_all_pop1_stackshifts,"fn recursive_array_additional_properties_schema_does_not_reproduce_all_pop1_stackshifts() {"
src/import/json_schema/tests/mod.rs,271,fn,,contains_intersect,"fn contains_intersect(expr: &GrammarExpr) -> bool {"
src/import/json_schema/tests/mod.rs,295,fn,,contains_intersect_with_separated_sequence,"fn contains_intersect_with_separated_sequence(expr: &GrammarExpr) -> bool {"
src/import/json_schema/tests/mod.rs,332,fn,,contains_ref_named,"fn contains_ref_named(expr: &GrammarExpr, name: &str) -> bool {"
src/import/json_schema/tests/mod.rs,363,fn,,contains_literal_bytes,"fn contains_literal_bytes(expr: &GrammarExpr, bytes: &[u8]) -> bool {"
src/import/json_schema/tests/mod.rs,398,fn,,closed_object_lowers_to_prefix_chain_body,"fn closed_object_lowers_to_prefix_chain_body() {"
src/import/json_schema/tests/mod.rs,418,fn,,large_optional_closed_object_uses_expr_nfa_body,"fn large_optional_closed_object_uses_expr_nfa_body() {"
src/import/json_schema/tests/mod.rs,438,fn,,required_prefix_open_object_uses_pair_loop_body,"fn required_prefix_open_object_uses_pair_loop_body() {"
src/import/json_schema/tests/mod.rs,465,fn,,open_additional_map_min_properties_requires_dynamic_pair,"fn open_additional_map_min_properties_requires_dynamic_pair() {"
src/import/json_schema/tests/mod.rs,483,fn,,closed_fixed_object_min_properties_requires_one_optional_after_required,"fn closed_fixed_object_min_properties_requires_one_optional_after_required() {"
src/import/json_schema/tests/mod.rs,503,fn,,closed_fixed_object_min_max_properties_exactly_one_optional,"fn closed_fixed_object_min_max_properties_exactly_one_optional() {"
src/import/json_schema/tests/mod.rs,521,fn,,closed_fixed_object_max_properties_caps_optional_after_required,"fn closed_fixed_object_max_properties_caps_optional_after_required() {"
src/import/json_schema/tests/mod.rs,540,fn,,open_additional_map_max_properties_emits_bounded_dynamic_body,"fn open_additional_map_max_properties_emits_bounded_dynamic_body() {"
src/import/json_schema/tests/mod.rs,554,fn,,required_property_covered_by_pattern_properties_is_synthesized,"fn required_property_covered_by_pattern_properties_is_synthesized() {"
src/import/json_schema/tests/mod.rs,571,fn,,required_property_matching_multiple_patterns_applies_all_pattern_schemas,"fn required_property_matching_multiple_patterns_applies_all_pattern_schemas() {"
src/import/json_schema/tests/mod.rs,590,fn,,required_property_not_covered_by_closed_object_lowers_to_empty_language,"fn required_property_not_covered_by_closed_object_lowers_to_empty_language() {"
src/import/json_schema/tests/mod.rs,607,fn,,fixed_property_still_intersects_matching_pattern_property,"fn fixed_property_still_intersects_matching_pattern_property() {"
src/import/json_schema/tests/mod.rs,628,fn,,open_no_pattern_object_lowers_to_expr_nfa_body,"fn open_no_pattern_object_lowers_to_expr_nfa_body() {"
src/import/json_schema/tests/mod.rs,647,fn,,large_optional_open_object_uses_fused_prefix_chain_rules,"fn large_optional_open_object_uses_fused_prefix_chain_rules() {"
src/import/json_schema/tests/mod.rs,668,fn,,large_optional_open_object_allow_any_scalars_uses_expr_nfa_body,"fn large_optional_open_object_allow_any_scalars_uses_expr_nfa_body() {"
src/import/json_schema/tests/mod.rs,687,fn,,large_optional_open_object_allow_any_object_valued_at_16_uses_expr_nfa_body,"fn large_optional_open_object_allow_any_object_valued_at_16_uses_expr_nfa_body() {"
src/import/json_schema/tests/mod.rs,715,fn,,large_optional_open_object_allow_any_object_valued_at_32_uses_expr_nfa_body,"fn large_optional_open_object_allow_any_object_valued_at_32_uses_expr_nfa_body() {"
src/import/json_schema/tests/mod.rs,743,fn,,large_required_open_object_does_not_use_fused_prefix_chain_rules,"fn large_required_open_object_does_not_use_fused_prefix_chain_rules() {"
src/import/json_schema/tests/mod.rs,763,fn,,pattern_property_object_still_uses_separated_sequence,"fn pattern_property_object_still_uses_separated_sequence() {"
src/import/json_schema/tests/mod.rs,778,fn,,large_optional_open_object_with_pattern_properties_uses_fused_prefix_chain_rules,"fn large_optional_open_object_with_pattern_properties_uses_fused_prefix_chain_rules() {"
src/import/json_schema/tests/mod.rs,803,fn,,allof_drops_vacuous_untyped_object_branch_for_typed_property,"fn allof_drops_vacuous_untyped_object_branch_for_typed_property() {"
src/import/json_schema/tests/mod.rs,826,fn,,large_snowplow_like_pattern_property_object_uses_expr_nfa_body,"fn large_snowplow_like_pattern_property_object_uses_expr_nfa_body() {"
src/import/json_schema/tests/mod.rs,852,fn,,shared_additional_key_colon_terminal_is_emitted_once,"fn shared_additional_key_colon_terminal_is_emitted_once() {"
src/import/json_schema/tests/mod.rs,882,fn,,additional_properties_factoring_uses_shared_key_colon_terminal,"fn additional_properties_factoring_uses_shared_key_colon_terminal() {"
src/import/json_schema/tests/mod.rs,905,fn,,huge_shared_additional_exclusion_set_uses_expanded_literal_addback,"fn huge_shared_additional_exclusion_set_uses_expanded_literal_addback() {"
src/import/json_schema/tests/mod.rs,925,fn,,shared_additional_excluded_key_skips_closed_object_keys,"fn shared_additional_excluded_key_skips_closed_object_keys() {"
src/import/json_schema/tests/mod.rs,961,fn,,arrays_use_item_schema_and_min_max_items,"fn arrays_use_item_schema_and_min_max_items() {"
src/import/json_schema/tests/mod.rs,976,fn,,bounded_object_arrays_use_exprnfa_rule,"fn bounded_object_arrays_use_exprnfa_rule() {"
src/import/json_schema/tests/mod.rs,998,fn,,bounded_pattern_string_arrays_use_terminal_rule,"fn bounded_pattern_string_arrays_use_terminal_rule() {"
src/import/json_schema/tests/mod.rs,1018,fn,,large_bounded_pattern_string_arrays_do_not_use_terminal_rule,"fn large_bounded_pattern_string_arrays_do_not_use_terminal_rule() {"
src/import/json_schema/tests/mod.rs,1038,fn,,unbounded_plain_string_arrays_use_terminal_rule,"fn unbounded_plain_string_arrays_use_terminal_rule() {"
src/import/json_schema/tests/mod.rs,1054,fn,,prefix_items_lower_with_no_tail,"fn prefix_items_lower_with_no_tail() {"
src/import/json_schema/tests/mod.rs,1077,fn,,legacy_tuple_items_use_additional_items_tail,"fn legacy_tuple_items_use_additional_items_tail() {"
src/import/json_schema/tests/mod.rs,1099,fn,,plain_items_ignore_additional_items_without_tuple,"fn plain_items_ignore_additional_items_without_tuple() {"
src/import/json_schema/tests/mod.rs,1113,fn,,map_shaped_min_properties_lowers_as_bounded_pattern_map,"fn map_shaped_min_properties_lowers_as_bounded_pattern_map() {"
src/import/json_schema/tests/mod.rs,1128,fn,,small_bounded_string_pattern_ignores_length_bounds,"fn small_bounded_string_pattern_ignores_length_bounds() {"
src/import/json_schema/tests/mod.rs,1155,fn,,large_bounded_string_pattern_ignores_length_bounds,"fn large_bounded_string_pattern_ignores_length_bounds() {"
src/import/json_schema/tests/mod.rs,1184,fn,,string_pattern_lowers_ascii_digit_subranges,"fn string_pattern_lowers_ascii_digit_subranges() {"
src/import/json_schema/tests/mod.rs,1198,fn,,terminalized_dot_pattern_lowers_utf8_lead_byte_alternatives,"fn terminalized_dot_pattern_lowers_utf8_lead_byte_alternatives() {"
src/import/json_schema/tests/mod.rs,1219,fn,,json_string_char_terminal_requires_valid_utf8_sequences,"fn json_string_char_terminal_requires_valid_utf8_sequences() {"
src/import/json_schema/tests/mod.rs,1230,fn,,medium_bounded_string_uses_split_chunk_rules_by_default,"fn medium_bounded_string_uses_split_chunk_rules_by_default() {"
src/import/json_schema/tests/mod.rs,1257,fn,,bounded_pattern_map_respects_min_and_max_properties,"fn bounded_pattern_map_respects_min_and_max_properties() {"
src/import/json_schema/tests/mod.rs,1273,fn,,unsupported_nonredundant_max_properties_broadens,"fn unsupported_nonredundant_max_properties_broadens() {"
src/import/json_schema/tests/mod.rs,1288,fn,,unsupported_nonredundant_min_properties_broadens,"fn unsupported_nonredundant_min_properties_broadens() {"
src/import/json_schema/tests/mod.rs,1304,fn,,oversized_pattern_properties_overlap_check_broadens,"fn oversized_pattern_properties_overlap_check_broadens() {"
src/import/json_schema/tests/mod.rs,1331,fn,,medium_bounded_string_terminalizes_with_env_override,"fn medium_bounded_string_terminalizes_with_env_override() {"
src/import/json_schema/tests/mod.rs,1359,fn,,moderately_bounded_string_terminalizes_by_default,"fn moderately_bounded_string_terminalizes_by_default() {"
src/import/json_schema/tests/mod.rs,1379,fn,,split_bounded_string_chunks_do_not_overlap_at_boundary,"fn split_bounded_string_chunks_do_not_overlap_at_boundary() {"
src/import/json_schema/tests/mod.rs,1398,fn,,very_large_bounded_string_still_uses_split_chunk_rules,"fn very_large_bounded_string_still_uses_split_chunk_rules() {"
src/import/json_schema/tests/mod.rs,1422,fn,,decoded_string_patterns_are_matched_against_json_string_bodies,"fn decoded_string_patterns_are_matched_against_json_string_bodies() {"
src/import/json_schema/tests/mod.rs,1451,fn,,uuid_format_lowers_to_constrained_terminal,"fn uuid_format_lowers_to_constrained_terminal() {"
src/import/json_schema/tests/mod.rs,1474,fn,,date_time_format_lowers_to_constrained_terminal,"fn date_time_format_lowers_to_constrained_terminal() {"
src/import/json_schema/tests/mod.rs,1498,fn,,date_format_lowers_to_constrained_terminal,"fn date_format_lowers_to_constrained_terminal() {"
src/import/json_schema/tests/mod.rs,1522,fn,,email_format_lowers_to_constrained_terminal,"fn email_format_lowers_to_constrained_terminal() {"
src/import/json_schema/tests/mod.rs,1545,fn,,email_format_with_large_max_length_does_not_preserve_length_envelope,"fn email_format_with_large_max_length_does_not_preserve_length_envelope() {"
src/import/json_schema/tests/mod.rs,1570,fn,,hostname_ipv4_ipv6_formats_lower_to_constrained_terminals,"fn hostname_ipv4_ipv6_formats_lower_to_constrained_terminals() {"
src/import/json_schema/tests/mod.rs,1599,fn,,uri_format_lowers_to_constrained_terminal,"fn uri_format_lowers_to_constrained_terminal() {"
src/import/json_schema/tests/mod.rs,1622,fn,,string_pattern_is_intersected_with_format,"fn string_pattern_is_intersected_with_format() {"
src/import/json_schema/tests/mod.rs,1638,fn,,object_nonterminals_reference_terminalized_key_and_string_patterns,"fn object_nonterminals_reference_terminalized_key_and_string_patterns() {"
src/import/json_schema/tests/mod.rs,1687,fn,,overlapping_literal_and_pattern_keys_still_lower_with_shared_factoring,"fn overlapping_literal_and_pattern_keys_still_lower_with_shared_factoring() {"
src/import/json_schema/tests/mod.rs,1707,fn,,json_separators_are_canonical_space_separated,"fn json_separators_are_canonical_space_separated() {"
src/import/json_schema/tests/mod.rs,1724,fn,,legacy_id_metadata_is_accepted,"fn legacy_id_metadata_is_accepted() {"
src/import/json_schema/tests/mod.rs,1743,fn,,local_ref_to_property_schema_is_loaded,"fn local_ref_to_property_schema_is_loaded() {"
src/import/json_schema/tests/mod.rs,1757,fn,,default_object_named_properties_is_not_scanned_for_ref_targets,"fn default_object_named_properties_is_not_scanned_for_ref_targets() {"
src/import/json_schema/tests/mod.rs,1772,fn,,property_named_definitions_is_not_definition_container,"fn property_named_definitions_is_not_definition_container() {"
src/import/json_schema/tests/mod.rs,1790,fn,,unknown_format_is_ignored_as_annotation,"fn unknown_format_is_ignored_as_annotation() {"
src/import/json_schema/tests/mod.rs,1801,fn,,date_time_string_value_satisfaction_filters_invalid_literals,"fn date_time_string_value_satisfaction_filters_invalid_literals() {"
src/import/json_schema/tests/mod.rs,1815,fn,,date_string_value_satisfaction_filters_invalid_literals,"fn date_string_value_satisfaction_filters_invalid_literals() {"
src/import/json_schema/tests/mod.rs,1829,fn,,uuid_string_value_satisfaction_filters_invalid_literals,"fn uuid_string_value_satisfaction_filters_invalid_literals() {"
src/import/json_schema/tests/mod.rs,1844,fn,,email_string_value_satisfaction_filters_invalid_literals,"fn email_string_value_satisfaction_filters_invalid_literals() {"
src/import/json_schema/tests/mod.rs,1857,fn,,host_string_value_satisfaction_filters_invalid_literals,"fn host_string_value_satisfaction_filters_invalid_literals() {"
src/import/json_schema/tests/mod.rs,1882,fn,,uri_string_value_satisfaction_filters_invalid_literals,"fn uri_string_value_satisfaction_filters_invalid_literals() {"
src/import/json_schema/tests/mod.rs,1899,fn,,unknown_metadata_keys_are_ignored,"fn unknown_metadata_keys_are_ignored() {"
src/import/json_schema/tests/mod.rs,1911,fn,,conditional_keywords_are_ignored_for_broad_lowering,"fn conditional_keywords_are_ignored_for_broad_lowering() {"
src/import/json_schema/tests/mod.rs,1934,fn,,oneof_lowers_as_choice,"fn oneof_lowers_as_choice() {"
src/import/json_schema/tests/mod.rs,1947,fn,,oneof_single_ref_wrapper_is_supported,"fn oneof_single_ref_wrapper_is_supported() {"
src/import/json_schema/tests/mod.rs,1962,fn,,fragment_id_ref_alias_lowers,"fn fragment_id_ref_alias_lowers() {"
src/import/json_schema/tests/mod.rs,1983,fn,,absolute_root_id_self_ref_lowers,"fn absolute_root_id_self_ref_lowers() {"
src/import/json_schema/tests/mod.rs,1998,fn,,oneof_ref_and_null_is_supported,"fn oneof_ref_and_null_is_supported() {"
src/import/json_schema/tests/mod.rs,2020,fn,,oneof_mixed_ref_and_inline_errors,"fn oneof_mixed_ref_and_inline_errors() {"
src/import/json_schema/tests/mod.rs,2042,fn,,unsupported_not_shape_errors,"fn unsupported_not_shape_errors() {"
src/import/json_schema/tests/mod.rs,2053,fn,,anyof_property_not_mutual_exclusion_lowers_as_exclusive_group,"fn anyof_property_not_mutual_exclusion_lowers_as_exclusive_group() {"
src/import/json_schema/tests/mod.rs,2084,fn,,enum_and_const_lower_to_exact_json_literals,"fn enum_and_const_lower_to_exact_json_literals() {"
src/import/json_schema/tests/mod.rs,2095,fn,,string_const_splits_open_quote_from_literal_body,"fn string_const_splits_open_quote_from_literal_body() {"
src/import/json_schema/tests/mod.rs,2107,fn,,object_const_uses_json_separator_rules,"fn object_const_uses_json_separator_rules() {"
src/import/json_schema/tests/mod.rs,2123,fn,,large_string_enum_at_root_uses_raw_regex,"fn large_string_enum_at_root_uses_raw_regex() {"
src/import/json_schema/tests/mod.rs,2135,fn,,small_string_enum_at_root_uses_factored_suffix_choice,"fn small_string_enum_at_root_uses_factored_suffix_choice() {"
src/import/json_schema/tests/mod.rs,2156,fn,,snowplow_style_string_enum_uses_factored_suffix_choice,"fn snowplow_style_string_enum_uses_factored_suffix_choice() {"
src/import/json_schema/tests/mod.rs,2181,fn,,patterned_string_enum_does_not_use_raw_regex_fast_path,"fn patterned_string_enum_does_not_use_raw_regex_fast_path() {"
src/import/json_schema/tests/mod.rs,2197,fn,,mixed_type_enum_does_not_use_raw_regex_fast_path,"fn mixed_type_enum_does_not_use_raw_regex_fast_path() {"
src/import/json_schema/tests/mod.rs,2206,fn,,integer_power_of_ten_multiple_lowers_to_regex,"fn integer_power_of_ten_multiple_lowers_to_regex() {"
src/import/json_schema/tests/mod.rs,2215,fn,,unbounded_integer_multiple_of_three_lowers_broadly,"fn unbounded_integer_multiple_of_three_lowers_broadly() {"
src/import/json_schema/tests/mod.rs,2223,fn,,lower_bounded_integer_multiple_of_twelve_lowers_to_range,"fn lower_bounded_integer_multiple_of_twelve_lowers_to_range() {"
src/import/json_schema/tests/mod.rs,2234,fn,,bounded_integer_multiple_of_sixteen_lowers_without_enumerating_large_range,"fn bounded_integer_multiple_of_sixteen_lowers_without_enumerating_large_range() {"
src/import/json_schema/tests/mod.rs,2250,fn,,non_integer_integer_multiple_of_remains_unsupported,"fn non_integer_integer_multiple_of_remains_unsupported() {"
src/import/json_schema/tests/mod.rs,2257,fn,,finite_integer_range_multiple_lowers_to_literals,"fn finite_integer_range_multiple_lowers_to_literals() {"
src/import/json_schema/tests/mod.rs,2271,fn,,bounded_number_lowers_to_range_regex_not_plain_json_number,"fn bounded_number_lowers_to_range_regex_not_plain_json_number() {"
src/import/json_schema/tests/mod.rs,2285,fn,,large_bounded_integer_lowers_to_range_regex_not_plain_json_integer,"fn large_bounded_integer_lowers_to_range_regex_not_plain_json_integer() {"
src/import/json_schema/tests/mod.rs,2299,fn,,number_integer_union_uses_json_number_once,"fn number_integer_union_uses_json_number_once() {"
src/import/json_schema/tests/mod.rs,2309,fn,,anyof_lowers_to_choice,"fn anyof_lowers_to_choice() {"
src/import/json_schema/tests/mod.rs,2323,fn,,anyof_allows_sibling_assertions,"fn anyof_allows_sibling_assertions() {"
src/import/json_schema/tests/mod.rs,2337,fn,,anyof_required_property_object_factors_into_single_expr_nfa_body,"fn anyof_required_property_object_factors_into_single_expr_nfa_body() {"
src/import/json_schema/tests/mod.rs,2360,fn,,anyof_required_sets_with_object_sibling_type_do_not_allow_non_objects,"fn anyof_required_sets_with_object_sibling_type_do_not_allow_non_objects() {"
src/import/json_schema/tests/mod.rs,2385,fn,,anyof_closed_object_variants_factor_into_single_expr_nfa_body,"fn anyof_closed_object_variants_factor_into_single_expr_nfa_body() {"
src/import/json_schema/tests/mod.rs,2422,fn,,anyof_required_property_factoring_falls_back_for_nontrivial_branch,"fn anyof_required_property_factoring_falls_back_for_nontrivial_branch() {"
src/import/json_schema/tests/mod.rs,2445,fn,,anyof_open_objects_with_disjoint_optional_properties_collapses_to_json_object,"fn anyof_open_objects_with_disjoint_optional_properties_collapses_to_json_object() {"
src/import/json_schema/tests/mod.rs,2472,fn,,unconstrained_object_collapses_to_json_object,"fn unconstrained_object_collapses_to_json_object() {"
src/import/json_schema/tests/mod.rs,2485,fn,,empty_properties_object_collapses_to_json_object,"fn empty_properties_object_collapses_to_json_object() {"
src/import/json_schema/tests/mod.rs,2499,fn,,constrained_open_objects_do_not_collapse_to_json_object,"fn constrained_open_objects_do_not_collapse_to_json_object() {"
src/import/json_schema/tests/mod.rs,2523,fn,,anyof_open_objects_with_shared_optional_property_does_not_collapse_to_json_object,"fn anyof_open_objects_with_shared_optional_property_does_not_collapse_to_json_object() {"
src/import/json_schema/tests/mod.rs,2549,fn,,anyof_nested_object_allof_refs_factor_into_single_body,"fn anyof_nested_object_allof_refs_factor_into_single_body() {"
src/import/json_schema/tests/mod.rs,2627,fn,,pattern_map_anyof_open_objects_with_disjoint_optional_properties_collapses_value_to_json_object,"fn pattern_map_anyof_open_objects_with_disjoint_optional_properties_collapses_value_to_json_object()"
src/import/json_schema/tests/mod.rs,2664,fn,,anyof_closed_object_variant_factoring_falls_back_for_two_variant_properties,"fn anyof_closed_object_variant_factoring_falls_back_for_two_variant_properties() {"
src/import/json_schema/tests/mod.rs,2693,fn,,anyof_closed_object_variant_factoring_falls_back_for_mismatched_common_schema,"fn anyof_closed_object_variant_factoring_falls_back_for_mismatched_common_schema() {"
src/import/json_schema/tests/mod.rs,2722,fn,,anyof_closed_object_variants_with_shared_required_prefix_use_exact_variant_nfa,"fn anyof_closed_object_variants_with_shared_required_prefix_use_exact_variant_nfa() {"
src/import/json_schema/tests/mod.rs,2755,fn,,anyof_untyped_closed_object_variants_keep_non_object_alternatives,"fn anyof_untyped_closed_object_variants_keep_non_object_alternatives() {"
src/import/json_schema/tests/mod.rs,2791,fn,,anyof_untyped_closed_object_variants_with_sibling_required_use_exact_variant_nfa,"fn anyof_untyped_closed_object_variants_with_sibling_required_use_exact_variant_nfa() {"
src/import/json_schema/tests/mod.rs,2830,fn,,anyof_explicit_object_variants_do_not_add_non_object_alternatives,"fn anyof_explicit_object_variants_do_not_add_non_object_alternatives() {"
src/import/json_schema/tests/mod.rs,2857,fn,,untyped_plain_object_assertions_keep_non_object_alternatives,"fn untyped_plain_object_assertions_keep_non_object_alternatives() {"
src/import/json_schema/tests/mod.rs,2882,fn,,explicit_plain_object_assertions_remain_object_only,"fn explicit_plain_object_assertions_remain_object_only() {"
src/import/json_schema/tests/mod.rs,2897,fn,,untyped_object_and_array_assertions_do_not_take_plain_object_fallback,"fn untyped_object_and_array_assertions_do_not_take_plain_object_fallback() {"
src/import/json_schema/tests/mod.rs,2911,fn,,anyof_required_property_factoring_falls_back_for_unknown_required_name,"fn anyof_required_property_factoring_falls_back_for_unknown_required_name() {"
src/import/json_schema/tests/mod.rs,2933,fn,,allof_merges_plain_object_branches,"fn allof_merges_plain_object_branches() {"
src/import/json_schema/tests/mod.rs,2958,fn,,allof_merges_array_ref_with_min_items_assertion,"fn allof_merges_array_ref_with_min_items_assertion() {"
src/import/json_schema/tests/mod.rs,2980,fn,,allof_merges_array_bounds_before_ref_branch,"fn allof_merges_array_bounds_before_ref_branch() {"
src/import/json_schema/tests/mod.rs,3002,fn,,allof_array_min_max_items_merge_clamps_bounds,"fn allof_array_min_max_items_merge_clamps_bounds() {"
src/import/json_schema/tests/mod.rs,3025,fn,,allof_array_merge_preserves_non_array_type_union_guard,"fn allof_array_merge_preserves_non_array_type_union_guard() {"
src/import/json_schema/tests/mod.rs,3042,fn,,allof_flattens_nested_object_allof_before_intersect,"fn allof_flattens_nested_object_allof_before_intersect() {"
src/import/json_schema/tests/mod.rs,3072,fn,,allof_collapses_single_anyof_ref_before_intersect,"fn allof_collapses_single_anyof_ref_before_intersect() {"
src/import/json_schema/tests/mod.rs,3104,fn,,recursive_ref_in_allof_is_not_inlined,"fn recursive_ref_in_allof_is_not_inlined() {"
src/import/json_schema/tests/mod.rs,3133,fn,,allof_drops_vacuous_json_value_property_when_refined,"fn allof_drops_vacuous_json_value_property_when_refined() {"
src/import/json_schema/tests/mod.rs,3168,fn,,allof_drops_vacuous_object_property_when_refined,"fn allof_drops_vacuous_object_property_when_refined() {"
src/import/json_schema/tests/mod.rs,3200,fn,,allof_distributes_over_object_anyof_before_lowering,"fn allof_distributes_over_object_anyof_before_lowering() {"
src/import/json_schema/tests/mod.rs,3233,fn,,allof_ref_to_nested_object_oneof_with_siblings_lowers,"fn allof_ref_to_nested_object_oneof_with_siblings_lowers() {"
src/import/json_schema/tests/mod.rs,3287,fn,,unsafe_allof_object_ref_intersection_broadens_to_choice,"fn unsafe_allof_object_ref_intersection_broadens_to_choice() {"
src/import/json_schema/tests/mod.rs,3312,fn,,unsafe_allof_array_separated_sequence_broadens_to_choice,"fn unsafe_allof_array_separated_sequence_broadens_to_choice() {"
src/import/json_schema/tests/mod.rs,3331,fn,,terminal_safe_allof_keeps_intersection,"fn terminal_safe_allof_keeps_intersection() {"
src/import/json_schema/tests/mod.rs,3346,fn,,oneof_object_branches_with_root_type_object_and_required_anyof_lowers,"fn oneof_object_branches_with_root_type_object_and_required_anyof_lowers() {"
src/import/json_schema/tests/mod.rs,3394,fn,,open_object_anyof_uses_single_object_body_nfa,"fn open_object_anyof_uses_single_object_body_nfa() {"
src/import/json_schema/tests/mod.rs,3482,fn,,array_items_anyof_allof_ref_alias_variants_lower_to_shared_open_object_body,"fn array_items_anyof_allof_ref_alias_variants_lower_to_shared_open_object_body() {"
src/import/json_schema/tests/mod.rs,3577,fn,,sibling_pattern_addback_subtracts_local_pattern_language_for_o10297_shape,"fn sibling_pattern_addback_subtracts_local_pattern_language_for_o10297_shape() {"
src/import/json_schema/tests/mod.rs,3625,fn,,anyof_drops_subsumed_open_object_branch_for_o83993_shape,"fn anyof_drops_subsumed_open_object_branch_for_o83993_shape() {"
src/import/json_schema/tests/mod.rs,3662,fn,,anyof_drops_recursive_open_object_branches_subsumed_by_base_node,"fn anyof_drops_recursive_open_object_branches_subsumed_by_base_node() {"
src/import/json_schema/tests/mod.rs,3745,fn,,anyof_does_not_drop_open_object_branch_that_widens_base_property,"fn anyof_does_not_drop_open_object_branch_that_widens_base_property() {"
src/import/json_schema/tests/mod.rs,3771,fn,,shadow_author_author_path_schema,"fn shadow_author_author_path_schema() -> serde_json::Value {"
src/import/json_schema/tests/mod.rs,3799,fn,,shadow_owner_owned_object_close_suppresses_residual_duplicate,"fn shadow_owner_owned_object_close_suppresses_residual_duplicate() {"
src/import/json_schema/tests/mod.rs,3808,fn,,shadow_owner_missing_required_key_keeps_residual_open_branch,"fn shadow_owner_missing_required_key_keeps_residual_open_branch() {"
src/import/json_schema/tests/mod.rs,3815,fn,,shadow_owner_invalid_owner_fixed_type_keeps_residual_open_branch,"fn shadow_owner_invalid_owner_fixed_type_keeps_residual_open_branch() {"
src/import/json_schema/tests/mod.rs,3822,fn,,shadow_owner_invalid_date_time_string_keeps_residual_string_subtraction,"fn shadow_owner_invalid_date_time_string_keeps_residual_string_subtraction() {"
src/import/json_schema/tests/mod.rs,3832,fn,,shadow_owner_out_of_order_fixed_fields_keep_residual_open_branch,"fn shadow_owner_out_of_order_fixed_fields_keep_residual_open_branch() {"
src/import/json_schema/tests/mod.rs,3842,fn,,shadow_owner_skips_residual_with_unsafe_additional_constraints,"fn shadow_owner_skips_residual_with_unsafe_additional_constraints() {"
src/import/json_schema/tests/mod.rs,3871,fn,,shadow_owner_allows_unsupported_optional_owner_fields,"fn shadow_owner_allows_unsupported_optional_owner_fields() {"
src/import/json_schema/tests/mod.rs,3903,fn,,shadow_owner_ref_branch_context_uses_factored_open_object_body,"fn shadow_owner_ref_branch_context_uses_factored_open_object_body() {"
src/import/json_schema/tests/mod.rs,3962,fn,,single_anyof_object_ref_with_sibling_properties_merges_before_lowering,"fn single_anyof_object_ref_with_sibling_properties_merges_before_lowering() {"
src/import/json_schema/tests/mod.rs,3989,fn,,ref_with_sibling_assertions_is_intersected,"fn ref_with_sibling_assertions_is_intersected() {"
src/import/json_schema/tests/mod.rs,4005,fn,,singleton_allof_ref_without_siblings_reuses_ref_rule,"fn singleton_allof_ref_without_siblings_reuses_ref_rule() {"
src/import/json_schema/tests/mod.rs,4031,fn,,singleton_allof_ref_with_noop_object_siblings_reuses_ref_rule,"fn singleton_allof_ref_with_noop_object_siblings_reuses_ref_rule() {"
src/import/json_schema/tests/mod.rs,4059,fn,,singleton_allof_ref_with_restrictive_additional_properties_skips_fast_path,"fn singleton_allof_ref_with_restrictive_additional_properties_skips_fast_path() {"
